id,name,route_code,route_name,lat,long
3728091,آزادراه قم - گرمسار (قم),113201,آزادراه قم - گرمسار,34.7508,51.1023
3727943,شهريار-کرج (هفت جوي),113202,شهريار-کرج (هفت جوي),35.694783,51.045351
3727944,آزادراه تهران - قم (مجتمع ياس),113203,آزادراه تهران - قم (مجتمع ياس),35.519068,51.308319
3727945,آزادراه تهران - ساوه (عوارضي تهران),113204,آزادراه تهران - ساوه (عوارضي تهران),35.642778,51.266111
9000001,,113205,تهران - جاجرود,35.733035,51.663054
3727946,آزادراه تهران - پرديس (عوارضي پرديس),113206,آزادراه تهران - پرديس (عوارضي پرديس),35.745,51.783333
3727947,آزادراه تهران - پرديس (بومهن),113207,آزادراه تهران - پرديس (بومهن),35.732442,51.842189
3727948,آزادراه ساوه - تهران (رباط کريم-تهران),113208,آزادراه ساوه - تهران (رباط کريم-تهران),35.52246,51.081502
3727949,تهران - پاکدشت,113209,تهران - پاکدشت,35.56876,51.55079
3727950,آزادراه تهران - قم (عوارضي تهران),113210,آزادراه تهران - قم (عوارضي تهران),35.5419,51.3538
3727951,چرمشهر - حسن‌آباد,113211,چرمشهر - حسن‌آباد,35.387222,51.285833
3727952,امام زاده داوود - تهران,113212,امام زاده داوود - تهران,35.82517,51.26558
3727953,تهران - لواسانات (طلائيه),113213,تهران - لواسانات (طلائيه),35.77937,51.56252
3727954,تهران - لواسانات (سوهانک),113214,تهران - لواسانات (سوهانک),35.79522,51.5532
3727955,آزادراه تهران - ساوه (پرند),113228,آزادراه تهران - ساوه (پرند),35.467817,51.003087
3727956,جاده قديم تهران - قم (حسن آباد) (متناظر توزين),113229,جاده قديم تهران - قم (حسن آباد) (متناظر توزين),35.402584,51.290267
3727957,"جاده قديم تهران، قم (حسن‌آباد - نعلبندان)",113243,"جاده قديم تهران، قم (حسن‌آباد - نعلبندان)",35.3607,51.17729
3727958,آزادراه تهران- شمال (قطعه اول - محدوده عوارضي تهران),113249,آزادراه تهران- شمال (قطعه اول - محدوده عوارضي تهران),35.767203,51.262549
3727959,آزادراه گرمسار - قم (چرمشهر),113251,آزادراه گرمسار - قم (چرمشهر),35.159082,51.582688
3727960,کرج-شهريار (هفت جوي),113252,کرج-شهريار (هفت جوي),35.694783,51.045351
3727961,آزادراه قم - تهران (مجتمع ياس),113253,آزادراه قم - تهران (مجتمع ياس),35.519068,51.308319
3727962,آزادراه ساوه - تهران (عوارضي تهران),113254,آزادراه ساوه - تهران (عوارضي تهران),35.642778,51.266111
3728030,جاجرود - تهران,113255,جاجرود - تهران,35.733035,51.663054
3727963,آزادراه پرديس - تهران (عوارضي پرديس),113256,آزادراه پرديس - تهران (عوارضي پرديس),35.745,51.783333
3727964,آزادراه پرديس - تهران (بومهن),113257,آزادراه پرديس - تهران (بومهن),35.732442,51.842189
3727965,آزادراه تهران - ساوه (تهران-رباط کريم),113258,آزادراه تهران - ساوه (تهران-رباط کريم),35.52246,51.081502
3727966,پاکدشت - تهران,113259,پاکدشت - تهران,35.56876,51.55079
3727967,آزادراه قم - تهران (عوارضي تهران),113260,آزادراه قم - تهران (عوارضي تهران),35.5419,51.3538
3727968,حسن آباد - چرمشهر,113261,حسن آباد - چرمشهر,35.387222,51.285833
3727969,تهران - امام زاده داوود,113262,تهران - امام زاده داوود,35.82517,51.26558
3727970,لواسانات - تهران (طلائيه),113263,لواسانات - تهران (طلائيه),35.77937,51.56252
3727971,لواسانات - تهران (سوهانک),113264,لواسانات - تهران (سوهانک),35.79522,51.5532
3727972,آزادراه ساوه - تهران (پرند),113278,آزادراه ساوه - تهران (پرند),35.467817,51.003087
3727973,"جاده قديم قم، تهران (نعلبندان - حسن‌آباد)",113293,"جاده قديم قم، تهران (نعلبندان - حسن‌آباد)",35.3607,51.17729
3727974,آزادراه شمال - تهران (قطعه اول - محدوده عواضي تهران),113299,آزادراه شمال - تهران (قطعه اول - محدوده عواضي تهران),35.767203,51.262549
3727975,"اسلامشهر - آزادراه تهران، قم",113302,"اسلامشهر - آزادراه تهران، قم",35.512114,51.25182
3727976,آدران - شهريار,113303,آدران - شهريار,35.528021,51.138318
3727977,آزادراه تهران- شمال (قطعه اول - بعد از تونل 12),113341,آزادراه تهران- شمال (قطعه اول - بعد از تونل 12),35.916474,51.252922
3727978,"آزادراه تهران، قم - اسلامشهر",113352,"آزادراه تهران، قم - اسلامشهر",35.512114,51.25182
3727979,شهريار - آدران,113353,شهريار - آدران,35.528021,51.138318
3727980,آزادراه شمال - تهران (قطعه اول - بعد از تونل 12),113391,آزادراه شمال - تهران (قطعه اول - بعد از تونل 12),35.916474,51.252922
3727981,آبسرد - ايوانکي (آبسرد - دوآب),113401,آبسرد - ايوانکي,35.503818,52.169953
3727982,رودهن - دماوند,113403,رودهن - دماوند,35.712208,51.95571
3727991,دماوند - فيروزکوه (دماوند - آبسرد),113404,دماوند - فيروزکوه,35.67875,52.0486944
3727984,آبعلي - پلور (آبعلي - سه‌راهي مشاء),113408,آبعلي - پلور (آبعلي - سه‌راهي مشاء),35.77305,51.975193
3727985,آبعلي - پلور (سه‌راهي مشاء - امامزاده هاشم),113413,آبعلي - پلور (سه‌راهي مشاء - امامزاده هاشم),35.7731,51.9975
3727986,کمربندي جنوبي رودهن (پرديس - دماوند),113414,کمربندي جنوبي رودهن (پرديس - دماوند),35.7199,51.8992
3727987,فيروزکوه - سمنان (فيروزکوه),113415,فيروزکوه - سمنان,35.77566,52.85637
3727988,فيروزکوه - دماوند (آبسرد - گيلاوند),113416,فيروزکوه - دماوند (آبسرد - گيلاوند),35.661318,52.117445
3727989,دماوند - فيروزکوه (آبسرد - سربندان),113417,دماوند - فيروزکوه (آبسرد - سربندان),35.6398333,52.2472778
3727990,دماوند - فيروزکوه (سربندان - امين‌آباد),113418,دماوند - فيروزکوه (سربندان - امين‌آباد),35.6451667,52.3905556
3727991,دماوند - فيروزکوه (دماوند - آبسرد),113419,دماوند - فيروزکوه (دماوند - آبسرد),35.67875,52.0486944
3727992,رودهن - آبعلي,113424,رودهن - آبعلي,35.745559,51.949646
3727993,جاده مخصوص تهران - کرج (وردآورد),113428,جاده مخصوص تهران - کرج (وردآورد),35.7386614,51.1087636
3727994,ايوانکي - آبسرد (دوآب - آبسرد),113451,ايوانکي - آبسرد,35.503818,52.169953
3727995,دماوند - رودهن,113453,دماوند - رودهن,35.712208,51.95571
3728004,فيروزکوه - دماوند (آبسرد - دماوند),113454,فيروزکوه - دماوند,35.67875,52.0486944
3727997,پلور - آبعلي (سه‌راهي مشاء - آبعلي),113458,پلور - آبعلي (سه‌راهي مشاء - آبعلي),35.77305,51.975193
3727998,پلور - آبعلي (امامزاده هاشم - سه‌راهي مشاء),113463,پلور - آبعلي (امامزاده هاشم - سه‌راهي مشاء),35.7731,51.9975
3727999,کمربندي جنوبي رودهن (دماوند - پرديس),113464,کمربندي جنوبي رودهن (دماوند - پرديس),35.7199,51.8992
3728000,سمنان - فيروزکوه (فيروزکوه),113465,سمنان - فيروزکوه,35.77566,52.85637
3728001,دماوند - فيروزکوه (گيلاوند - آبسرد),113466,دماوند - فيروزکوه (گيلاوند - آبسرد),35.661318,52.117445
3728002,فيروزکوه - دماوند (سربندان - آبسرد),113467,فيروزکوه - دماوند (سربندان - آبسرد),35.6398333,52.2472778
3728003,فيروزکوه - دماوند (امين‌آباد - سربندان),113468,فيروزکوه - دماوند (امين‌آباد - سربندان),35.6451667,52.3905556
3728004,فيروزکوه - دماوند (آبسرد - دماوند),113469,فيروزکوه - دماوند (آبسرد - دماوند),35.67875,52.0486944
3728005,آبعلي - رودهن,113474,آبعلي - رودهن,35.745559,51.949646
3728006,جاده مخصوص کرج - تهران (وردآورد),113478,جاده مخصوص کرج - تهران (وردآورد),35.7386614,51.1087636
3728007,فيروزکوه - گدوک,113501,فيروزکوه - گدوک,35.792818,52.827966
3728008,دماوند - فيروزکوه (سه‌راهي ارجمند - فيروزکوه),113502,دماوند - فيروزکوه (سه‌راهي ارجمند - فيروزکوه),35.7348611,52.6994722
3728009,گدوک - فيروزکوه,113551,گدوک - فيروزکوه,35.792818,52.827966
3728010,فيروزکوه - دماوند (فيروزکوه - سه‌راهي ارجمند),113552,فيروزکوه - دماوند (فيروزکوه - سه‌راهي ارجمند),35.7348611,52.6994722
3728011,رباط‌کريم - حسن‌آباد (وهن آباد - جاده قديم قم),113601,رباط‌کريم - حسن‌آباد (وهن آباد - جاده قديم قم),35.404944,51.255689
3728012,"آزادراه تهران، قم - فرودگاه امام خميني",113603,"آزادراه تهران، قم - فرودگاه امام خميني",35.400174,51.187047
3728013,آزادراه تهران - قم (بين فرودگاه و حسن آباد),113604,آزادراه تهران - قم (بين فرودگاه و حسن آباد),35.399549,51.202347
3728014,عوارضي آزادراه قم - تهران (بهشت زهرا)(مجموع گيت ها),113612,عوارضي آزادراه قم - تهران (بهشت زهرا)(مجموع گيت ها),35.5403,51.3517
3728015,حسن‌آباد - رباط‌کريم (جاده قديم قم - وهن آباد),113651,حسن‌آباد - رباط‌کريم (جاده قديم قم - وهن آباد),35.404944,51.255689
3728016,"فرودگاه امام خميني - آزادراه قم، تهران",113653,"فرودگاه امام خميني - آزادراه قم، تهران",35.399151,51.186704
3728017,آزادراه قم - تهران (بين فرودگاه و حسن آباد),113654,آزادراه قم - تهران (بين فرودگاه و حسن آباد),35.399549,51.202347
3728018,جاده دسترسي احمدآباد مستوفي(آزادگان - اسلامشهر),113701,جاده دسترسي احمدآباد مستوفي(آزادگان - اسلامشهر),35.61277,51.24223
3728019,جاده دسترسي احمدآباد مستوفي(اسلامشهر - آزادگان),113751,جاده دسترسي احمدآباد مستوفي(اسلامشهر - آزادگان),35.61277,51.24223
3728020,لواسانات - فشم,113801,لواسانات - فشم,35.838941,51.562647
3728021,فشم - ميگون,113802,فشم - ميگون,35.93417,51.52171
9000002,,113803,شمشک - ميگون,35.93417,51.52171
9000003,,113804,شمشک - ديزين,36.0585361,51.4053726
3728022,تهران - لواسانات (تلو),113805,تهران - لواسانات (تلو),35.7645961,51.6258251
3728023,عوارضي آزادراه تهران- پرديس (فاز8 ) (مجموع گيت ها),113810,عوارضي آزادراه تهران- پرديس (فاز8 ) (مجموع گيت ها),35.746617,51.755488
3728024,تهران - جاجرود (متناظر توزين),113813,تهران - جاجرود (متناظر توزين),35.733035,51.663054
3728025,جاجرود - لتيان,113815,جاجرود - لتيان,35.769057,51.692058
3728026,فشم - لواسانات,113851,فشم - لواسانات,35.838941,51.562647
3728027,ميگون - فشم,113852,ميگون - فشم,35.93417,51.52171
9000004,,113853,ميگون - شمشک,35.93417,51.52171
9000005,,113854,ديزين - شمشک,36.0585361,51.4053726
3728028,لواسانات - تهران (تلو),113855,لواسانات - تهران (تلو),35.7645961,51.6258251
3728029,عوارضي آزادراه پرديس- تهران (فاز11) (مجموع گيت ها),113860,عوارضي آزادراه پرديس- تهران (فاز11) (مجموع گيت ها),35.746617,51.755488
3728030,جاجرود - تهران,113863,جاجرود - تهران,35.733035,51.663054
3728031,لتيان - جاجرود,113865,لتيان - جاجرود,35.769057,51.692058
3728032,تهران - شهريار (باغستان),113903,تهران - شهريار (باغستان),35.6961,51.1426
3728033,تهران - شهريار (شهر قدس),113904,تهران - شهريار (شهر قدس),35.6435,51.1569
3728034,ملارد - صفادشت,113909,ملارد - صفادشت,35.673694,50.923473
3728035,شهريار(بلوار وليعصر) - ملارد,113913,شهريار(بلوار وليعصر) - ملارد,35.649463,50.994474
3728036,شهريار - تهران (باغستان),113953,شهريار - تهران (باغستان),35.6961,51.1426
3728037,شهريار - تهران (شهر قدس),113954,شهريار - تهران (شهر قدس),35.6435,51.1569
3728038,صفادشت - ملارد,113959,صفادشت - ملارد,35.673694,50.923473
3728039,ملارد - شهريار(بلوار وليعصر),113963,ملارد - شهريار(بلوار وليعصر),35.649463,50.994474
3728040,تهران - حسن آباد (جاده قديم قم),114101,تهران - حسن آباد (جاده قديم قم),35.390723,51.277473
3728041,جاده قديم تهران - ساوه (رباط‌کريم - پرند),114102,جاده قديم تهران - ساوه (رباط‌کريم - پرند),35.469861,51.064772
3728042,رباط کريم - شهريار,114103,رباط کريم - شهريار,35.595633,51.037197
3728043,عوارضي آزادراه ساوه - تهران (تهران)(مجموع گيت ها),114110,عوارضي آزادراه ساوه - تهران (تهران)(مجموع گيت ها),35.62425,51.23491
9000006,,114117,عوارضي آزادراه ساوه - تهران (پرند)(مجموع گيت ها),35.46919613,51.01268919
3728044,حسن آباد - تهران (جاده قديم قم),114151,حسن آباد - تهران (جاده قديم قم),35.390723,51.277473
3728045,جاده قديم ساوه - تهران (پرند - رباط‌کريم),114152,جاده قديم ساوه - تهران (پرند - رباط‌کريم),35.469861,51.064772
3728046,شهريار - رباط کريم,114153,شهريار - رباط کريم,35.595633,51.037197
3728047,عوارضي آزادراه تهران - ساوه (تهران)(مجموع گيت ها),114160,عوارضي آزادراه تهران - ساوه (تهران)(مجموع گيت ها),35.62425,51.23491
9000007,,114167,عوارضي آزادراه تهران - ساوه (پرند)(مجموع گيت ها),35.46919613,51.01268919
3728048,تهران - وردآورد (همت),114206,تهران - وردآورد (همت),35.7613,51.161
3728049,وردآورد - تهران (همت),114256,وردآورد - تهران (همت),35.7613,51.161
3728050,کمربندي دوم تهران (جاده ورامين - شورآباد),114301,کمربندي دوم تهران (جاده ورامين - شورآباد),35.5145,51.4729
3728051,ري - قرچک,114302,ري - قرچک,35.5276,51.4976
3728052,ورامين - چرمشهر,114304,ورامين - چرمشهر,35.21527,51.57055
3728053,آزادراه چرمشهر - آبيک (چرمشهر),114307,آزادراه چرمشهر - آبيک (چرمشهر),35.148863,51.486308
3728054,آزادراه چرمشهر - آبيک (تقاطع آزادراه تهران - ساوه),114308,آزادراه چرمشهر - آبيک (تقاطع آزادراه تهران - ساوه),35.410807,50.887236
3728055,آزادراه چرمشهر - آبيک (تقاطع اخترآباد),114309,آزادراه چرمشهر - آبيک (تقاطع اخترآباد),35.545084,50.761813
3728056,کمربندي دوم تهران (شورآباد - جاده ورامين),114351,کمربندي دوم تهران (شورآباد - جاده ورامين),35.5145,51.4729
3728057,قرچک - ري,114352,قرچک - ري,35.5276,51.4976
3728058,چرمشهر - ورامين,114354,چرمشهر - ورامين,35.21527,51.57055
3728059,آزادراه آبيک -چرمشهر (چرمشهر),114357,آزادراه آبيک -چرمشهر (چرمشهر),35.148863,51.486308
3728060,آزادراه آبيک - چرمشهر (تقاطع آزادراه تهران - ساوه),114358,آزادراه آبيک - چرمشهر (تقاطع آزادراه تهران - ساوه),35.410807,50.887236
3728061,آزادراه آبيک - چرمشهر(تقاطع اخترآباد),114359,آزادراه آبيک - چرمشهر(تقاطع اخترآباد),35.545084,50.761813
3728062,پاکدشت - شريف آباد,114401,پاکدشت - شريف آباد,35.4461,51.7412
3728063,شريف آباد - گرمسار,114413,شريف آباد - گرمسار,35.38305,51.88611
3728064,پيشوا - شريف‌آباد,114418,پيشوا - شريف‌آباد,35.357649,51.788245
3728065,شريف آباد - پاکدشت,114451,شريف آباد - پاکدشت,35.4461,51.7412
3728066,گرمسار - شريف آباد,114463,گرمسار - شريف آباد,35.38083,51.90511
3728067,شريف‌آباد - پيشوا,114468,شريف‌آباد - پيشوا,35.357649,51.788245
3728068,آزادراه تهران - کرج (عوارضي قديم),114501,آزادراه تهران - کرج (عوارضي قديم),35.7172,51.2364
3728069,آزادراه کرج - تهران (عوارضي قديم),114551,آزادراه کرج - تهران (عوارضي قديم),35.7172,51.2364
9000008,,114552,آزادراه کرج - آزادگان (عوارضي),35.83650361,50.90987029
3728070,کهک - بيدهند,141414,کهک - بيدهند,34.325787,50.823128
3728071,قم-تاج خاتون,141415,قم-تاج خاتون,34.55329,50.50257
3728072,سلفچگان-قاهان,141416,سلفچگان-قاهان,34.74563,50.37883
3728073,کهک - کمربندي وليعصر,141417,کهک - کمربندي وليعصر,34.37708,50.85762
3728074,بيدهند-کهک,141464,بيدهند-کهک,34.325787,50.823128
3728075,تاج خاتون-قم,141465,تاج خاتون-قم,34.55329,50.50257
3728076,قاهان-سلفچگان,141466,قاهان-سلفچگان,34.74563,50.37883
3728077,کمربندي وليعصر - کهک,141467,کمربندي وليعصر - کهک,34.37708,50.85762
3728078,جاده قديم قم - کاشان (سه‌راه لنگرود - تقاطع آزادراه),143101,جاده قديم قم - کاشان (سه‌راه لنگرود - تقاطع آزادراه),34.504994,51.022053
3728079,جاده قديم قم - تهران (قم - شکوهيه),143102,جاده قديم قم - تهران,34.7745,50.8556
3728135,جاده قديم ساوه - سلفچگان (سلفچگان),143103,جاده قديم ساوه - سلفچگان,34.482696,50.47073
3728081,سلفچگان - دليجان (سلفچگان),143104,سلفچگان - دليجان,34.471,50.4632
3728082,قم - سلفچگان (قم),143105,قم - سلفچگان,34.5941,50.7861
3728083,آزادراه قم - تهران (نعلبندان),143107,آزادراه قم - تهران (نعلبندان),35.189803,51.005539
3728084,آزادراه قم - کاشان (تقاطع جاده قديم - مشکات),143108,آزادراه قم - کاشان (تقاطع جاده قديم - مشکات),34.456843,51.097955
3728085,آزادراه سلفچگان - ساوه (سلفچگان - جاده تفرش),143109,آزادراه سلفچگان - ساوه (سلفچگان - جاده تفرش),34.5332,50.4378
3728086,سلفچگان - راهجرد (سلفچگان),143110,سلفچگان - راهجرد,34.460473,50.436189
3728087,قم - قنوات,143111,قم - قنوات,34.613511,50.987655
3728088,سه راه لنگرود - کهک,143112,سه راه لنگرود - کهک,34.5251,50.9737
3728089,پرديسان - ورجان,143113,پرديسان - ورجان,34.5351,50.854
3728090,قم - نيزار,143114,قم - نيزار,34.463396,50.676977
3728091,آزادراه قم - گرمسار (قم),143115,آزادراه قم - گرمسار (قم),34.7508,51.1023
3728092,آزادراه قم - کاشان (قم - تقاطع جاده قديم),143116,آزادراه قم - کاشان (قم - تقاطع جاده قديم),34.494,51.036
3728093,آزادراه تهران - قم (رستوران مهتاب),143117,آزادراه تهران - قم (رستوران مهتاب),34.866481,50.85435
3728082,قم - سلفچگان (قم),143118,قم - سلفچگان,34.5941,50.7861
9000009,,143119,جمکران - پل جاده کاشان,34.59512398,50.92374114
9000010,,143120,جمکران - بلوار پيامبر اعظم,34.5987548,50.90469
3728095,فوجرد - تفرش (مرز استان),143122,فوجرد - تفرش (مرز استان),34.58924,50.12601
3728096,کمربندي قم (قم - کاشان),143123,کمربندي قم (قم - کاشان),34.6189278,50.920275
3728097,کمربندي قم (قم - اراک),143124,کمربندي قم (قم - اراک),34.6551,50.8282
9000011,,143125,سلفچگان - راهجرد (انتهاي حوزه),34.381054,50.367409
3728098,آزادراه سلفچگان - ساوه (سه‌راه تفرش - آوه),143129,آزادراه سلفچگان - ساوه (سه‌راه تفرش - آوه),34.6883333,50.4116667
3728099,سلفچگان - دليجان (مجتمع دلفين),143130,سلفچگان - دليجان (مجتمع دلفين),34.24123,50.54698
3728100,جاده قديم قم - تهران (شکوهيه - علي‌آباد),143131,جاده قديم قم - تهران (شکوهيه - علي‌آباد),35.0513889,50.8708333
3728101,جاده قديم سلفچگان - ساوه (سه‌راه تفرش - آوه),143132,جاده قديم سلفچگان - ساوه (سه‌راه تفرش - آوه),34.5988889,50.4113889
3728102,آزادراه قم - تهران (علي‌آباد),143133,آزادراه قم - تهران (علي‌آباد),34.912726,50.857354
3728103,قم - جعفريه,143134,قم - جعفريه,34.730378,50.654098
3728104,جاده قديم قم - کاشان (تقاطع آزادراه - سن سن),143135,جاده قديم قم - کاشان (تقاطع آزادراه - سن سن),34.404143,51.200912
3728105,جاده قديم سلفچگان - ساوه (سلفچگان),143136,جاده قديم سلفچگان - ساوه (سلفچگان),34.482696,50.47073
3728106,آزادراه قم - گرمسار (عوارضي قم - چرمشهر),143137,آزادراه قم - گرمسار (عوارضي قم - چرمشهر),34.904196,51.238229
3728142,قم - نيزار (کارخانه سيمان),143138,قم - نيزار (کارخانه سيمان),34.35363,50.54622
3728107,جاده قديم کاشان - قم (تقاطع آزادراه - سه‌راه لنگرود),143151,جاده قديم کاشان - قم (تقاطع آزادراه - سه‌راه لنگرود),34.504994,51.022053
3728108,جاده قديم تهران - قم (شکوهيه - قم),143152,جاده قديم تهران - قم (شکوهيه - قم),34.7745,50.8556
3728109,جاده قديم سلفچگان - ساوه (سلفچگان - سه‌راه تفرش),143153,جاده قديم سلفچگان - ساوه (سلفچگان - سه‌راه تفرش),34.5428,50.4638
3728110,دليجان - سلفچگان (سلفچگان),143154,دليجان - سلفچگان,34.471,50.4632
3728111,سلفچگان - قم (قم),143155,سلفچگان - قم,34.5941,50.7861
3728112,آزادراه تهران - قم (نعلبندان),143157,آزادراه تهران - قم (نعلبندان),35.189803,51.005539
3728114,آزادراه ساوه - سلفچگان (سه‌راه تفرش - سلفچگان),143159,آزادراه ساوه - سلفچگان (سه‌راه تفرش - سلفچگان),34.5332,50.4378
3728115,راهجرد - سلفچگان (سلفچگان),143160,راهجرد - سلفچگان,34.460473,50.436189
3728116,قنوات - قم,143161,قنوات - قم,34.613511,50.987655
3728117,کهک - سه راه لنگرود,143162,کهک - سه راه لنگرود,34.5251,50.9737
3728118,ورجان - پرديسان,143163,ورجان - پرديسان,34.5351,50.854
3728119,نيزار - قم,143164,نيزار - قم,34.463396,50.676977
3728120,آزادراه گرمسار - قم (قم),143165,آزادراه گرمسار - قم (قم),34.7508,51.1023
3728121,آزادراه کاشان - قم (تقاطع جاده قديم - قم),143166,آزادراه کاشان - قم (تقاطع جاده قديم - قم),34.494,51.036
3728122,آزادراه قم - تهران (رستوران مهتاب),143167,آزادراه قم - تهران (رستوران مهتاب),34.866481,50.85435
3728111,سلفچگان - قم (قم),143168,سلفچگان - قم,34.5941,50.7861
9000012,,143169,پل جاده کاشان - جمکران,34.59512398,50.92374114
9000013,,143170,قم - جمکران (بلوار پيامبر اعظم),34.59885015,50.90470455
3728124,تفرش - فوجرد (مرز استان),143172,تفرش - فوجرد (مرز استان),34.58924,50.12601
3728125,کمربندي قم (کاشان - قم),143173,کمربندي قم (کاشان - قم),34.6189278,50.920275
3728126,کمربندي قم (اراک - قم),143174,کمربندي قم (اراک - قم),34.6551,50.8282
3728115,راهجرد - سلفچگان (سلفچگان),143175,راهجرد - سلفچگان,34.460473,50.436189
3728128,آزادراه ساوه - سلفچگان (آوه - سه‌راه تفرش),143179,آزادراه ساوه - سلفچگان (آوه - سه‌راه تفرش),34.6883333,50.4116667
3728129,دليجان - سلفچگان (مجتمع دلفين),143180,دليجان - سلفچگان (مجتمع دلفين),34.24123,50.54698
3728130,جاده قديم تهران - قم (علي‌آباد - شکوهيه),143181,جاده قديم تهران - قم (علي‌آباد - شکوهيه),35.0513889,50.8708333
3728131,جاده قديم ساوه - سلفچگان (آوه - سه‌راه تفرش),143182,جاده قديم ساوه - سلفچگان (آوه - سه‌راه تفرش),34.5988889,50.4113889
3728132,آزادراه تهران - قم (علي‌آباد),143183,آزادراه تهران - قم (علي‌آباد),34.912726,50.857354
3728133,جعفريه - قم,143184,جعفريه - قم,34.730378,50.654098
3728134,جاده قديم کاشان - قم (سن سن - تقاطع آزادراه),143185,جاده قديم کاشان - قم (سن سن - تقاطع آزادراه),34.404143,51.200912
3728135,جاده قديم ساوه - سلفچگان (سلفچگان),143186,جاده قديم ساوه - سلفچگان (سلفچگان),34.482696,50.47073
3728120,آزادراه گرمسار - قم (قم),143187,آزادراه گرمسار - قم,34.7508,51.1023
3728119,نيزار - قم,143188,نيزار - قم,34.463396,50.676977
9000014,,143201,قم - جمکران (بلوار انتظار),34.5989315,50.9046417
3728137,عوارضي قم - کاشان,143202,عوارضي قم- کاشان,34.671587,50.912254
3728138,سلفچگان - دستجرد,143203,سلفچگان - دستجرد,34.565141,50.357088
9000015,,143211,قم - سلفچگان (دوربين پردازش تصوير),34.5941,50.7861
3728139,قم رود - کوه سفيد,143212,قم رود - کوه سفيد,34.694079,50.929748
9000016,,143213,آزادراه تهران - قم (گيت1 عوارضي قم),34.6857045,50.89030111
9000017,,143214,آزادراه تهران - قم (گيت2 عوارضي قم),34.6857045,50.89030111
9000018,,143215,آزادراه تهران - قم (گيت3 عوارضي قم),34.6857045,50.89030111
9000019,,143216,آزادراه تهران - قم (گيت4 عوارضي قم),34.6857045,50.89030111
9000020,,143217,آزادراه تهران - قم (گيت5 عوارضي قم),34.6857045,50.89030111
9000021,,143218,آزادراه تهران - قم (گيت6 عوارضي قم),34.6857045,50.89030111
9000022,,143219,آزادراه تهران - قم (گيت7 عوارضي قم),34.6857045,50.89030111
9000023,,143220,آزادراه تهران - قم (مجموع گيت هاي عوارضي قم),34.6857045,50.89030111
9000024,,143221,آزادراه تهران- قم (گيت8 عوارضي قم),34.6857045,50.89030111
3728141,جاده قديم کاشان - قم (متناظر توزين),143223,جاده قديم کاشان - قم (متناظر توزين),34.530882,50.97846
3728142,قم - نيزار (کارخانه سيمان),143225,قم - نيزار (کارخانه سيمان),34.35363,50.54622
9000025,,143251,جمکران - قم (بلوار انتظار),34.5989315,50.9046417
3728143,کاشان - عوارضي قم,143252,کاشان- عوارضي قم,34.671587,50.912254
3728144,دستجرد - سلفچگان,143253,دستجرد- سلفچگان,34.565141,50.357088
3728145,کوه سفيد - قم رود,143262,کوه سفيد - قم رود,34.694079,50.929748
3728146,نيزار - قم (کارخانه سيمان),143275,نيزار - قم (کارخانه سيمان),34.35363,50.54622
9000026,,143301,جمکران - کوه خضر (خيابان ظهور),34.5763023,50.8986443
3728147,کمربندی قم (قم - کاشان) (متناظر سامانه ثبت تخلف),143302,کمربندی قم (قم - کاشان) (متناظر سامانه ثبت تخلف),34.666008,50.907619
9000027,,143351,کوه خضر - جمکران (خيابان ظهور),34.5763023,50.8986443
3728148,کمربندی قم (کاشان - قم) (متناظر سامانه ثبت تخلف),143352,کمربندی قم (کاشان - قم) (متناظر سامانه ثبت تخلف),34.666008,50.967619
3728149,قم - جعفريه (دوربين),149905,قم - جعفريه (دوربين),34.702247,50.76135
3728150,جعفريه - قم (دوربين),149955,جعفريه - قم (دوربين),34.702247,50.76135
3728151,جاده قديم قزوين - رشت (کوهين - لوشان),153101,جاده قديم قزوين - رشت (کوهين - لوشان),36.37844,49.63268
3728152,جاده قديم قزوين - کرج (قزوين - آبيک),153103,جاده قديم قزوين - کرج (قزوين - آبيک),36.0568,50.490222
3728153,آزادراه قزوين - زنجان (تاکستان - مرز استان),153104,آزادراه قزوين - زنجان (تاکستان - مرز استان),36.050436,49.590256
3728154,آزادراه قزوين - رشت (قزوين - محمودآباد),153105,آزادراه قزوين - رشت (قزوين - محمودآباد),36.3042,49.89113
3728155,آزادراه قزوين - رشت (محمودآباد - کوهين),153106,آزادراه قزوين - رشت (محمودآباد - کوهين),36.34214,49.70633
3728156,آزادراه قزوين - رشت (کوهين - مرز استان),153107,آزادراه قزوين - رشت (کوهين - مرز استان),36.403318,49.500439
3728157,آزادراه قزوين - کرج (عوارضي 2 قزوين),153110,آزادراه قزوين - کرج (عوارضي 2 قزوين),36.241404,50.151383
3728158,آزادراه قزوين - کرج (آبيک),153111,آزادراه قزوين - کرج (آبيک),36.073435,50.474117
3728159,آزادراه قزوين - زنجان (اقباليه),153112,آزادراه قزوين - زنجان (اقباليه),36.23419,49.90283
3728160,آزادراه قزوين - زنجان (تاکستان),153113,آزادراه قزوين - زنجان (تاکستان),36.106241,49.725233
3728161,آزادراه قزوين - کرج (3کيلومتر مانده به عوارضي 1 قزوين),153114,آزادراه قزوين - کرج (3کيلومتر مانده به عوارضي 1 قزوين),36.26195,50.08537
3728162,جاده قديم قزوين - کرج (بيدستان),153115,جاده قديم قزوين - کرج (بيدستان),36.230545,50.108038
3728163,آزادراه قزوين - زنجان (کنارگذر قزوين),153122,آزادراه قزوين - زنجان (کنارگذر قزوين),36.325704,50.010816
3728164,قزوين - معلم کلايه,153123,قزوين - معلم کلايه,36.322019,50.147495
9000028,,153134,آزادراه قزوين - کرج (1کيلومتر به عوارضي 1 قزوين),36.2562132,50.1025808
3728165,آزادراه کنارگذر زنجان - قزوين (بعد از عوارضي 3),153135,آزادراه کنارگذر زنجان - قزوين (بعد از عوارضي 3),36.2751,49.9362
3728166,آزادراه قزوين - آبيک (عوارضي 1 قزوين),153136,آزادراه قزوين - آبيک (عوارضي 1 قزوين),36.251596,50.119757
3728166,آزادراه قزوين - آبيک (عوارضي 1 قزوين),153137,آزادراه قزوين - آبيک,36.251596,50.119757
3728168,شهر صنعتي البرز - آبيک (قبل از عوارضي2),153138,شهر صنعتي البرز - آبيک (قبل از عوارضي2),36.248493,50.117844
3728169,رمپ پل حسين آباد (ورودي به آزادراه رشت),153139,آزادراه قزوين - رشت (عوارضي حسين آباد),36.317916,49.796943
3728170,قزوين - بهرام آباد,153140,قزوين - بهرام آباد,36.361772,50.063215
3728171,آوج - رزن (سلطانبلاغ),153141,آوج - رزن (سلطانبلاغ),35.532653,49.184241
3728172,جاده قديم رشت - قزوين (لوشان - کوهين),153151,جاده قديم رشت - قزوين (لوشان - کوهين),36.37844,49.63268
3728173,جاده قديم کرج - قزوين (آبيک - قزوين),153153,جاده قديم کرج - قزوين (آبيک - قزوين),36.0568,50.490222
3728174,آزادراه زنجان - قزوين (مرز استان - تاکستان),153154,آزادراه زنجان - قزوين (مرز استان - تاکستان),36.050436,49.590256
3728175,آزادراه رشت - قزوين (محمودآباد - قزوين),153155,آزادراه رشت - قزوين (محمودآباد - قزوين),36.3042,49.89113
3728176,آزادراه رشت - قزوين (کوهين - محمودآباد),153156,آزادراه رشت - قزوين (کوهين - محمودآباد),36.34214,49.70633
3728177,آزادراه رشت - قزوين (مرز استان - کوهين),153157,آزادراه رشت - قزوين (مرز استان - کوهين),36.403318,49.500439
3728178,آزادراه کرج - قزوين (عوارضي 2 قزوين),153160,آزادراه کرج - قزوين (عوارضي 2 قزوين),36.241404,50.151383
3728179,آزادراه کرج - قزوين (آبيک),153161,آزادراه کرج - قزوين (آبيک),36.073435,50.474117
3728180,آزادراه زنجان - قزوين (اقباليه) (متناظر توزين),153162,آزادراه زنجان - قزوين (اقباليه) (متناظر توزين),36.23419,49.90283
3728181,آزادراه زنجان - قزوين (تاکستان),153163,آزادراه زنجان - قزوين (تاکستان),36.106241,49.725233
3728182,آزادراه کرج - قزوين (3کيلومتر بعد از عوارضي1 قزوين),153164,آزادراه کرج - قزوين (3کيلومتر بعد از عوارضي1 قزوين),36.26195,50.08537
3728183,جاده قديم کرج - قزوين (بيدستان),153165,جاده قديم کرج - قزوين (بيدستان),36.230545,50.108038
3728184,آزادراه زنجان - قزوين (کنارگذر قزوين),153172,آزادراه زنجان - قزوين (کنارگذر قزوين),36.325704,50.010816
3728185,معلم کلايه - قزوين,153173,معلم کلايه - قزوين,36.322019,50.147495
9000029,,153184,آزادراه کرج - قزوين (1کيلومتر بعد از عوارضي 1 قزوين),36.2562132,50.1025808
3728186,آزادراه قزوين - زنجان (قبل از عوارضي3),153185,آزادراه قزوين - زنجان (قبل از عوارضي3),36.275092,49.935808
3728187,آزادراه آبيک - قزوين (عوارضي 1 قزوين),153186,آزادراه آبيک - قزوين (عوارضي 1 قزوين),36.251596,50.119757
3728188,آزادراه کنارگذر قزوين - زنجان (بعد از عوارضي 2),153187,آزادراه کنارگذر قزوين - زنجان (بعد از عوارضي 2),36.2493,50.1156
3728189,رمپ پل حسين آباد (ورودي به جاده قديم قزوين),153189,رمپ پل حسين آباد (ورودي به جاده قديم قزوين),36.322728,49.79711
3728190,بهرام آباد - قزوين,153190,بهرام آباد - قزوين,36.361772,50.063215
3728191,رزن - آوج (سلطانبلاغ),153191,رزن - آوج (سلطانبلاغ),35.532653,49.184241
3728192,قزوين - بوئين‌زهرا,153201,قزوين - بوئين‌زهرا,36.08938,50.04681
3729450,بوئين زهرا - ساوه,153202,بوئين زهرا - ساوه,35.339967,50.249231
3728194,بوئين‌زهرا - دانسفهان,153207,بوئين‌زهرا - دانسفهان,35.772946,50.028825
3728195,تاکستان - دانسفهان,153208,تاکستان - دانسفهان,35.9736,49.7221
3728196,بوئين زهرا - اشتهارد,153221,بوئين زهرا - اشتهارد,35.751763,50.205816
3728197,بوئين‌زهرا - قزوين,153251,بوئين‌زهرا - قزوين,36.02304,50.06856
3729437,ساوه - بوئين زهرا,153252,ساوه - بوئين زهرا,35.339967,50.249231
3728199,دانسفهان - بوئين‌زهرا (متناظر توزين),153257,دانسفهان - بوئين‌زهرا (متناظر توزين),35.772946,50.028825
3728200,دانسفهان - تاکستان,153258,دانسفهان - تاکستان,35.9736,49.7221
3728201,اشتهارد - بوئين زهرا,153271,اشتهارد - بوئين زهرا,35.751763,50.205816
3728202,جاده قديم قزوين - تاکستان (کهک - تاکستان),153301,جاده قديم قزوين - تاکستان (کهک - تاکستان),36.102837,49.73602
3728203,خرمدشت - آوج (سه‌راه رحيم‌آباد - آوج),153303,خرمدشت - آوج (سه‌راه رحيم‌آباد - آوج),35.82533,49.40257
3728204,جاده قديم تاکستان - ابهر (تاکستان - ضياآباد),153306,جاده قديم تاکستان - ابهر (تاکستان - ضياآباد),36.022719,49.605789
3728205,تاکستان - خرمدشت,153307,تاکستان - خرمدشت,35.9818,49.56918
3728206,"عوارضي آزادراه قزوين،زنجان - تاکستان (مجموع گيت ها)",153309,"عوارضي آزادراه قزوين،زنجان - تاکستان (مجموع گيت ها)",36.073899,49.679402
3728207,خرمدشت - ضياآباد,153310,خرمدشت - ضياآباد,35.9684051,49.4822552
3728208,ضياآباد - نيکوييه (نيکوييه),153311,ضياآباد - نيکوييه (نيکوييه),36.1681246,49.4589568
3728209,جاده قديم تاکستان - قزوين (تاکستان - کهک),153351,جاده قديم تاکستان - قزوين (تاکستان - کهک),36.102837,49.73602
3728210,آوج - خرمدشت (آوج - سه‌راهي رحيم‌آباد),153353,آوج - خرمدشت (آوج - سه‌راهي رحيم‌آباد),35.82533,49.40257
3728211,جاده قديم ابهر - تاکستان (ضياآباد - تاکستان),153356,جاده قديم ابهر - تاکستان (ضياآباد - تاکستان),36.022719,49.605789
3728212,خرمدشت - تاکستان,153357,خرمدشت - تاکستان,35.9818,49.56918
3728213,"عوارضي تاکستان - آزادراه قزوين،زنجان (مجموع گيت ها)",153359,"عوارضي تاکستان - آزادراه قزوين،زنجان (مجموع گيت ها)",36.073899,49.679402
3728214,ضياآباد - خرمدشت,153360,ضياآباد - خرمدشت,35.9684051,49.4822552
3728215,نيکوييه - ضياآباد (نيکوييه),153361,نيکوييه - ضياآباد (نيکوييه),36.1681246,49.4589568
3728216,آبيک- زياران,153402,آبيک- زياران,36.107701,50.507912
3728217,آبيک - طالقان,153403,آبيک - طالقان,36.115746,50.654728
3728218,آزادراه آبيک - چرم شهر (آبيک),153404,آزادراه آبيک - چرم شهر (آبيک),36.0664,50.45559
9000030,,153405,قشلاق - خاکعلي,36.0626992,50.3457069
3728219,زياران- آبيک,153452,زياران- آبيک,36.107701,50.507912
3728220,طالقان - آبيک,153453,طالقان - آبيک,36.115746,50.654728
3728221,آزادراه چرم شهر - آبيک (آبيک),153454,آزادراه چرم شهر - آبيک (آبيک),36.0664,50.45559
9000031,,153455,خاکعلي - قشلاق,36.0626992,50.3457069
3728222,ساري - کياسر (شکتا),163101,ساري - کياسر,36.456964,53.104884
3728223,ساري - قائمشهر,163102,ساري - قائمشهر,36.509989,52.950857
3728224,ساري - نکا,163103,ساري - نکا,36.613027,53.2347599
3728225,خزرآباد - ساري,163104,خزرآباد - ساري,36.645156,53.071419
3728226,ساري - جويبار,163105,ساري - جويبار,36.5709,53.0134
3728227,سمنان - کياسر,163106,سمنان - کياسر,36.218744,53.655884
3728228,فيروزکوه - قائمشهر (گدوک - ورسک),163107,فيروزکوه - قائمشهر (گدوک - ورسک),35.880155,52.965217
9000032,,163109,ساري - کياسر (امره),36.4178895,53.1457132
3728229,ساري - کياسر (گرماب),163110,ساري - کياسر (گرماب),36.3429,53.3581
3728230,ساري - کياسر (کياده),163111,ساري - کياسر (کياده),36.2671,53.4578
3728231,کياسر - ساري (شکتا),163151,کياسر - ساري,36.456964,53.104884
3728232,قائمشهر - ساري,163152,قائمشهر - ساري,36.509989,52.950857
3728233,نکا - ساري (متناظر توزين),163153,نکا - ساري (متناظر توزين),36.613027,53.2347599
3728234,ساري - خزرآباد,163154,ساري - خزرآباد,36.645156,53.071419
3728235,جويبار - ساري,163155,جويبار - ساري,36.5709,53.0134
3728236,کياسر - سمنان,163156,کياسر - سمنان,36.218744,53.655884
3728237,قائمشهر - فيروزکوه (ورسک - گدوک),163157,قائمشهر - فيروزکوه (ورسک - گدوک),35.880155,52.965217
9000033,,163159,تاکام - هولار,36.3828033,53.1662321
3728238,کياسر - ساري (گرماب),163160,کياسر - ساري (گرماب),36.3429,53.3581
3728239,کياسر - ساري (کياده),163161,کياسر - ساري (کياده),36.2671,53.4578
3728240,بابل - آمل,163201,بابل - آمل (بزرگراه),36.476201,52.442165
3728241,جاده قديم بابل - آمل,163203,جاده قديم بابل - آمل,36.443687,52.514334
3728242,گتاب - بابل,163204,گتاب - بابل,36.48106,52.66385
3728243,آمل - محمودآباد,163205,آمل - محمودآباد,36.596607,52.279523
3728244,بابلسر - زرگرشهر,163206,بابلسر - زرگرشهر,36.551742,52.58363
3728245,رودهن - آمل (پارک جنگلي آمل - آمل) (متناظر توزين),163207,رودهن - آمل (پارک جنگلي آمل - آمل),36.360137,52.359785
3728246,رودهن - آمل (پلور - گزنک),163208,رودهن - آمل (پلور - گزنک),35.895536,52.209672
3728247,آمل - رودهن (پارک جنگلي - سه راه سنگچال),163212,آمل - رودهن (پارک جنگلي-سه راه سنگچال),36.30353,52.36776
3728248,آمل - رودهن (سه راه سنگچال - شاه زيد),163213,آمل - رودهن (سه راه سنگچال - شاه زيد),36.22428,52.361221
3728249,آمل - رودهن (شاه زيد - سه راه بلده),163214,آمل - رودهن (شاه زيد - سه راه بلده),36.150953,52.360456
3728250,آمل - رودهن (سه راه بلده - پنجاب),163215,آمل - رودهن (سه راه بلده - پنجاب),36.092516,52.262528
3728251,آمل - رودهن (پنجاب - گزنک),163216,آمل - رودهن (پنجاب - گزنک),35.967569,52.272535
3728252,رودهن -آمل ( امامزاده هاشم- پلور),163221,رودهن -آمل ( امامزاده هاشم- پلور),35.827483,52.032229
3728253,بهنمیر--جویبار,163237,بهنمیر--جویبار,36.702176,52.821936
3728254,چمستان-آمل,163238,چمستان-آمل,36.472321,52.232023
3728255,نور-چمستان,163239,نور-چمستان,36.497042,52.06151
9000034,,163243,کمربندي بابل (شرق به غرب),36.4982093,52.7141485
3728256,آمل - بابل,163251,آمل - بابل (بزرگراه),36.476201,52.442165
3728257,جاده قديم آمل - بابل,163253,جاده قديم آمل - بابل,36.443687,52.514334
3728258,بابل - گتاب,163254,بابل - گتاب,36.48106,52.66385
3728259,محمودآباد - آمل,163255,محمودآباد - آمل,36.596607,52.279523
3728260,زرگرشهر - بابلسر,163256,زرگرشهر - بابلسر,36.551742,52.58363
3728261,آمل - رودهن (آمل - پارک جنگلي آمل),163257,آمل - رودهن (آمل - پارک جنگلي آمل),36.360137,52.359785
3728262,آمل - رودهن (گزنک - پلور),163258,آمل - رودهن (گزنک - پلور),35.895536,52.209672
3728263,رودهن - آمل (سه راه سنگچال - پارک جنگلي),163262,رودهن - آمل (سه راه سنگچال-پارک جنگلي),36.30353,52.36776
3728264,رودهن - آمل (شاه زيد - سه راه سنگچال),163263,رودهن - آمل (شاه زيد - سه راه سنگچال),36.22428,52.361221
3728265,رودهن - آمل (سه راه بلده - شاه زيد),163264,رودهن - آمل (سه راه بلده - شاه زيد),36.150953,52.360456
3728266,رودهن - آمل (پنجاب - سه راه بلده),163265,رودهن - آمل (پنجاب - سه راه بلده),36.092516,52.262528
3728267,رودهن - آمل (گزنک - پنجاب),163266,رودهن - آمل (گزنک - پنجاب),35.967569,52.272535
3728268,آمل- رودهن(پلور- امامزاده هاشم),163271,آمل- رودهن(پلور- امامزاده هاشم),35.827483,52.032229
3728269,جویبار-بهنمیر,163287,جویبار-بهنمیر,36.702176,52.821936
3728270,آمل-چمستان,163288,آمل-چمستان,36.472321,52.232023
3728271,چمستان-نور,163289,چمستان-نور,36.497042,52.06151
3728272,بابل - بابلسر,163301,بابل - بابلسر,36.673479,52.651768
3728273,بابل - قائمشهر,163302,بابل - قائمشهر,36.490478,52.78858
3728274,بابل - کياکلا,163305,بابل - کياکلا,36.551033,52.770624
3728275,کمربندي جنوبي بابل (بابل - آمل),163320,کمربندي جنوبي بابل (بابل - آمل),36.498322,52.71424
3728276,بابل - گنج افروز (جنب دوربين ثبت تخلف),163323,بابل - گنج افروز (جنب دوربين ثبت تخلف),36.480537,52.69563
3728277,بابلسر - بابل,163351,بابلسر - بابل,36.673479,52.651768
3728278,قائمشهر - بابل,163352,قائمشهر - بابل,36.490478,52.78858
3728279,کياکلا - بابل,163355,کياکلا - بابل,36.551033,52.770624
3728280,کمربندي جنوبي بابل (آمل - بابل),163370,کمربندي جنوبي بابل (آمل - بابل),36.498322,52.71424
3728281,گنج افروز - بابل (جنب دوربين ثبت تخلف),163373,گنج افروز - بابل (جنب دوربين ثبت تخلف),36.480537,52.69563
3728282,فريدونکنار - محمودآباد,163401,فريدونکنار - محمودآباد,36.649418,52.335124
3728283,بابلسر - فريدونکنار,163402,بابلسر - فريدونکنار,36.6918,52.5735
3728284,بابلسر - بهنمير,163403,بابلسر - بهنمير,36.6949,52.7254
3728285,فريدون کنار - دابودشت,163404,فريدون کنار - دابودشت,36.548556,52.479341
3728286,محمودآباد - فريدونکنار,163451,محمودآباد - فريدونکنار,36.649418,52.335124
3728287,فريدونکنار - بابلسر,163452,فريدونکنار - بابلسر,36.6918,52.5735
3728288,بهنمير - بابلسر,163453,بهنمير - بابلسر,36.6949,52.7254
3728289,دابودشت - فريدون کنار,163454,دابودشت - فريدون کنار,36.548556,52.479341
3728290,بهشهر - گلوگاه,163501,بهشهر - گلوگاه,36.7208,53.7242
9000035,,163507,بندر اميرآباد - رستمکلا,36.7901784,53.3704662
9000036,,163508,زاغمرز - حسين آباد,36.7945774,53.3320141
3728291,گلوگاه - کردکوي (گلوگاه),163510,گلوگاه - کردکوي (گلوگاه),36.739886,53.849916
3728292,گلوگاه - بهشهر,163551,گلوگاه - بهشهر,36.7208,53.7242
9000037,,163557,رستمکلا - بندر اميرآباد,36.7901784,53.3704662
9000038,,163558,حسين آباد - زاغمرز,36.7945774,53.3320141
3728293,کردکوي - گلوگاه (گلوگاه),163560,کردکوي - گلوگاه (گلوگاه),36.739886,53.849916
3728294,محمودآباد - نور,163701,محمودآباد - نور,36.614129,52.217994
3728295,نور - محمودآباد,163751,نور - محمودآباد,36.614129,52.217994
3728296,تنکابن - رامسر,163801,تنکابن - رامسر,36.86808,50.777498
3728297,عباس آباد - تنکابن,163802,عباس آباد - تنکابن,36.765712,50.984372
3728298,چالوس - کلارآباد,163810,چالوس - کلارآباد,36.688721,51.294798
3728299,تنکابن - دوهزار,163811,تنکابن - دوهزار,36.706999,50.844808
3728300,رامسر - تنکابن,163851,رامسر - تنکابن,36.86808,50.777498
3728301,تنکابن - عباس آباد,163852,تنکابن - عباس آباد,36.765712,50.984372
3728302,کلارآباد - چالوس,163860,کلارآباد - چالوس,36.688721,51.294798
3728303,دوهزار - تنکابن,163861,دوهزار - تنکابن,36.706999,50.844808
3728304,رامسر - چابکسر,163901,رامسر - چابکسر,36.955888,50.610612
3728305,چابکسر - رامسر,163951,چابکسر - رامسر,36.955888,50.610612
3728306,قائمشهر - فيروزکوه (قائمشهر - شيرگاه),164101,قائمشهر - فيروزکوه (قائمشهر - شيرگاه),36.316365,52.879801
3728307,چالوس - کرج (دوآب - مرزن آباد),164104,چالوس - کرج (دوآب - مرزن آباد),36.46542,51.30918
3728308,قائمشهر - فيروزکوه (شيرگاه - پل سفيد),164105,قائمشهر - فيروزکوه (شيرگاه - پل سفيد),36.153825,53.017998
3728309,قائمشهر - فيروزکوه (پل سفيد - گرزين خيل),164106,قائمشهر - فيروزکوه (پل سفيد - گرزين خيل),35.980047,53.026254
3728310,قائمشهر - فيروزکوه (گرزين خيل - ورسک),164107,قائمشهر - فيروزکوه (گرزين خيل - ورسک),35.916399,52.985289
3728311,فيروزکوه - قائمشهر (پل سفيد - زيرآب) (متناظر توزين),164119,فيروزکوه - قائمشهر (پل سفيد - زيرآب) (متناظر توزين),36.132505,53.046195
3728312,فيروزکوه - قائمشهر (شيرگاه - قائمشهر),164151,فيروزکوه - قائمشهر (شيرگاه - قائمشهر),36.316365,52.879801
3728313,کرج - چالوس (مرزن آباد - دوآب),164154,کرج - چالوس (مرزن آباد - دوآب),36.46542,51.30918
3728314,فيروزکوه - قائمشهر (پل سفيد - شيرگاه),164155,فيروزکوه - قائمشهر (پل سفيد - شيرگاه),36.153825,53.017998
3728315,فيروزکوه - قائمشهر (گرزين خيل - پل سفيد),164156,فيروزکوه - قائمشهر (گرزين خيل - پل سفيد),35.980047,53.026254
3728316,فيروزکوه - قائمشهر (ورسک - گرزين خيل),164157,فيروزکوه - قائمشهر (ورسک - گرزين خيل),35.916399,52.985289
3728317,جويبار - قائمشهر,164301,جويبار - قائمشهر,36.58022,52.91199
3728318,قائمشهر - جويبار,164351,قائمشهر - جويبار,36.58022,52.91199
3728319,نور - نوشهر (سی سنگان - نوشهر),164401,نور - نوشهر (سی سنگان - نوشهر),36.593582,51.678145
3728320,نور - نوشهر (نور - سي سنگان),164402,نور-نوشهر (نور - سي سنگان),36.5713463,51.8784561
3728321,نوشهر - نور (نوشهر - سي سنگان),164451,نوشهر - نور (نوشهر - سي سنگان),36.593582,51.678145
3728322,نوشهر - نور (سي سنگان - نور),164452,نوشهر-نور (سي سنگان - نور),36.5713463,51.8784561
9000039,,164501,کمربندي نوشهر - چالوس,36.6367953,51.5248597
9000040,,164551,کمربندي چالوس - نوشهر,36.6367953,51.5248597
3728323,چالوس - کرج (چالوس - دوآب),164601,چالوس - کرج (چالوس - دوآب),36.6154,51.3904
3728324,کلارآباد - عباس آباد,164602,کلارآباد - عباس آباد,36.723527,51.127288
3728325,آزادراه شمال - تهران (چالوس - مرزن‌آباد),164603,آزادراه شمال - تهران (چالوس - مرزن‌آباد),36.555558,51.370948
3728326,کرج - چالوس (مکارود - مرزن آباد),164604,کرج - چالوس (مکارود - مرزن آباد),36.338851,51.258325
3728327,چالوس - کرج (هزارچم - سياه بيشه),164605,چالوس - کرج (هزارچم - سياه بيشه),36.24576,51.298257
3728328,چالوس - کرج (سياه بيشه - کندوان),164606,چالوس - کرج (سياه بيشه - کندوان),36.1621,51.3166
9000041,,164607,چالوس - کرج (مکارود - هزارچم),36.2999431,51.2479538
3728329,آزادراه تهران - شمال (دهانه شمالي تونل البرز),164609,آزادراه تهران - شمال (دهانه شمالي تونل البرز),36.200333,51.335027
3728330,عباس آباد - کلاردشت,164621,عباس آباد - کلاردشت,36.652456,51.111706
3728331,کرج - چالوس (دوآب - چالوس),164651,کرج - چالوس (دوآب - چالوس),36.6154,51.3904
3728332,عباس آباد - کلارآباد,164652,عباس آباد - کلارآباد,36.723527,51.127288
3728333,آزادراه تهران - شمال (مرزن‌آباد - چالوس),164653,آزادراه تهران - شمال (مرزن‌آباد - چالوس),36.555558,51.370948
3728334,چالوس - کرج (مرزن آباد - مکارود),164654,چالوس - کرج (مرزن آباد - مکارود),36.338851,51.258325
3728335,کرج - چالوس (سياه بيشه - هزارچم),164655,کرج - چالوس (سياه بيشه - هزارچم),36.24576,51.298257
3728336,کرج - چالوس (کندوان - سياه بيشه),164656,کرج - چالوس (کندوان - سياه بيشه),36.1621,51.3166
9000042,,164657,کرج - چالوس (هزارچم- مکارود),36.2999431,51.2479538
3728337,کلاردشت - عباس آباد,164671,کلاردشت - عباس آباد,36.652456,51.111706
3728338,نکا - بهشهر,164701,نکا - بهشهر,36.671092,53.369505
3728339,بهشهر - نکا,164751,بهشهر - نکا,36.671092,53.369505
3728340,آزادراه کرج - تهران (کيلومتر25),183101,آزادراه کرج - تهران (کيلومتر25),35.786667,51.025
3728341,آزادراه تهران - کرج (پل کلاک),183102,آزادراه تهران - کرج (پل کلاک),35.788889,51.018889
3728342,کرج - چالوس (پوركان),183104,کرج - چالوس (پوركان),35.88108,51.04165
3728343,کرج - چالوس (گچسر),183105,کرج - چالوس (گچسر),36.113974,51.32089
3728173,جاده قديم کرج - قزوين (آبيک - قزوين),183107,جاده قديم کرج - قزوين (آبيک),36.0568,50.490222
3728345,آزادراه کرج - قزوين (پل هشتگرد),183110,آزادراه کرج - قزوين (پل هشتگرد),35.964633,50.709642
3728346,آزادراه کرج - قزوين (گلشهر),183111, آزادراه کرج - قزوين (گلشهر),35.816503,50.936203
3728347,کرج - تهران (جاده مخصوص),183112,کرج - تهران (جاده مخصوص),35.7582515,51.0563274
3728348,کرج - طالقان,183113,کرج - طالقان,36.1632389,50.7359944
3728349,جاده قديم کرج - قزوين (کمالشهر),183114,جاده قديم کرج - قزوين (کمالشهر),35.8758389,50.8472139
3728350,آزادراه کرج - قزوين (ترمينال کلانتري),183117,آزادراه کرج - قزوين (ترمينال کلانتري),35.803035,50.967164
3728351,کرج - چالوس (بيلقان),183118,کرج - چالوس (بيلقان),35.8360361,51.0495472
3728352,کرج - چالوس (سد کرج),183119,کرج - چالوس (سد کرج),35.9471639,51.0797056
3728353,کرج - چالوس (کندوان),183120,کرج - چالوس (کندوان),36.1407111,51.3068722
3728354,آزادراه کرج - قزوين (نظرآباد),183121,آزادراه کرج - قزوين (نظرآباد),35.998874,50.627633
3728355,آزادراه تهران - کرج (کيلومتر25),183151,آزادراه تهران - کرج (کيلومتر25),35.786667,51.025
3728356,آزادراه کرج - تهران (پل کلاک),183152,آزادراه کرج - تهران (پل کلاک),35.788889,51.018889
3728357,چالوس - کرج (پوركان),183154,چالوس - کرج (پوركان),35.88108,51.04165
3728358,چالوس - کرج (گچسر),183155,چالوس - کرج (گچسر),36.113974,51.32089
3728359,جاده قديم قزوين - کرج (آبيک),183157,جاده قديم قزوين - کرج (آبيک),35.9972632,50.6060462
3728360,آزادراه قزوين - کرج (پل هشتگرد),183160, آزادراه قزوين - کرج (پل هشتگرد),35.964633,50.709642
3728361,آزادراه قزوين - کرج (گلشهر),183161,آزادراه قزوين - کرج (گلشهر),35.816503,50.936203
3728362,تهران - کرج (جاده مخصوص),183162, تهران - کرج (جاده مخصوص),35.7585061,51.0572822
3728363,طالقان - کرج,183163,طالقان - کرج,36.1632389,50.7359944
3728364,جاده قديم قزوين - کرج (کمالشهر),183164,جاده قديم قزوين - کرج (کمالشهر),35.8758389,50.8472139
3728365,آزادراه قزوين - کرج (ترمينال کلانتري),183167,آزادراه قزوين - کرج (ترمينال کلانتري),35.803035,50.967164
3728366,چالوس - کرج (بيلقان),183168,چالوس - کرج (بيلقان),35.8360361,51.0495472
3728367,چالوس - کرج (سد کرج),183169,چالوس - کرج (سد کرج),35.9471639,51.0797056
3728368,چالوس - کرج (کندوان),183170,چالوس - کرج (کندوان),36.1407111,51.3068722
3728369,آزادراه قزوين - کرج (نظرآباد),183171,آزادراه قزوين - کرج (نظرآباد),35.998874,50.627633
3728370,آزادراه تهران - شمال (تونل البرز),183215,آزادراه تهران - شمال (تونل البرز),36.13541,51.33046
3728371,"آزاد راه تهران - شمال (قطعه اول، بعد از تونل 16)",183216,"آزاد راه تهران - شمال (قطعه اول، بعد از تونل 16)",35.974917,51.27235
3728372,آزادراه تهران- کرج (همت-مرز استان),183218,آزادراه تهران- کرج (همت-مرز استان),35.751082,51.087067
9000043,,183219,آزادراه تهران- کرج (همت-بعد از تونل),35.8074423,51.0296756
3728348,کرج - طالقان,183223,کرج - طالقان,36.1632389,50.7359944
3728374,آزادراه کرج - قزوين (بهشت سکينه),183224,آزادراه کرج - قزوين (بهشت سکينه),35.893406,50.867632
3728375,"آزاد راه شمال - تهران (قطعه اول، بعد از تونل 16)",183266,"آزاد راه شمال - تهران (قطعه اول، بعد از تونل 16)",35.974917,51.27235
3728376,آزادراه كرج- تهران (همت-مرز استان),183268,آزادراه كرج- تهران (همت-مرز استان),35.751082,51.087067
9000044,,183269,آزادراه كرج- تهران (همت-قبل از تونل),35.8074423,51.0296756
3728377,طالقان - هشتگرد,183273,طالقان - هشتگرد,36.15457,50.7823
3728378,آزادراه قزوين - کرج (بهشت سکينه),183274,آزادراه قزوين - کرج (بهشت سکينه),35.893406,50.867632
3728201,اشتهارد - بوئين زهرا,184201,اشتهارد - بوئين زهرا,35.751763,50.205816
3728380,ماهدشت - اشتهارد,184202,ماهدشت - اشتهارد,35.71067,50.74575
3728382,كرج - ماهدشت,184203,کرج - ماهدشت,35.756769,50.855461
3728381,اشتهارد - نظرآباد,184205,اشتهارد - نظرآباد,35.9228056,50.5632833
3728382,كرج - ماهدشت,184206,كرج - ماهدشت,35.756769,50.855461
3728383,گچسر - ديزين,184207,گچسر- ديزين,36.090569,51.367367
3728384,جاده چالوس - آتشگاه,184208,جاده چالوس - آتشگاه,35.934497,51.025501
3728385,آزادراه آبيک - چرمشهر (قبل از عوارضي),184214,آزادراه آبيک - چرمشهر (قبل از عوارضي),35.990277,50.461944
3728386,کردان - برغان,184216,کردان - برغان,35.96128,50.85665
3728196,بوئين زهرا - اشتهارد,184251,بوئين زهرا - اشتهارد,35.751763,50.205816
3728388,اشتهارد - ماهدشت,184252,اشتهارد - ماهدشت,35.71067,50.74575
3728390,ماهدشت - كرج,184253,ماهدشت - کرج,35.756769,50.855461
3728389,نظرآباد - اشتهارد,184255,نظرآباد - اشتهارد,35.9228056,50.5632833
3728390,ماهدشت - كرج,184256,ماهدشت - كرج,35.756769,50.855461
3728391,ديزين - گچسر,184257,ديزين - گچسر,36.090569,51.367367
3728392,آتشگاه - جاده چالوس,184258,آتشگاه - جاده چالوس,35.934497,51.025501
3728393,آزادراه چرمشهر - آبيک (بعد از عوارضي),184264,آزادراه چرمشهر - آبيک (بعد از عوارضي),35.990277,50.461944
3728394,برغان - کردان,184266,برغان - کردان,35.96128,50.85665
9000045,,213101,اصفهان - نايين (سگزي),32.7126332,52.8419209
9000046,,213102,اصفهان - زرين‌شهر (فولادشهر),32.4666485,51.4014459
9000047,,213103,اصفهان - مورچه‌خورت (پليس‌راه),33.0533856,51.4887089
9000048,,213104,اصفهان - اردستان (کمشچه),32.8467118,51.7787361
9000049,,213105,اصفهان - علويجه,33.0234894,51.2411785
9000050,,213106,اصفهان - زيار,32.5224999,51.806674
9000051,,213113,آزادراه اصفهان - زرين شهر( فلاورجان),32.5699897,51.5400141
9000052,,213114,اصفهان - فرودگاه(قهجاورستان),32.7182975,51.8416151
9000053,,213151,نائين - اصفهان (سجزي),32.7126332,52.8419209
9000054,,213152,زرين‌شهر - اصفهان (فولادشهر),32.4666485,51.4014459
9000055,,213153,مورچه‌خورت - اصفهان (پليس‌راه),33.0533856,51.4887089
9000056,,213154,اردستان - اصفهان (کمشچه),32.8467118,51.7787361
9000057,,213155,علو يجه - اصفهان,33.0234894,51.2411785
9000058,,213156,زيار - اصفهان,32.5224999,51.806674
9000059,,213163,آزادراه زرين شهر - اصفهان(فلاورجان),32.5699897,51.5400141
9000060,,213164,فرودگاه - اصفهان(قهجاورستان),32.7182975,51.8416151
3728409,رامشه - ابرکوه,213201,رامشه - ابرکوه,31.81814,52.613869
9000061,,213202,اردستان - نايين (سه‌راهي اردستان),33.28462,52.3866749
9000062,,213205,کمربندي شرق اصفهان (سپاهان شهر - جاده نائين),32.6299062,51.7851305
3728412,زرين شهر - شهرکرد (باغ بهادران),213209,زرين شهر - شهرکرد (باغ بهادران),32.349254,51.11804
9000063,,213216,عوارضي آزادراه اصفهان - نطنز (اصفهان)(مجموع گيت ها),33.00827696,51.50679384
9000064,,213219,اصفهان - سجزي (متناظر توزين),32.6706651,51.9181037
9000065,,213220,اصفهان - شهرضا,32.2385046,51.8254709
9000066,,213228,اصفهان - بهارستان,32.5731361,51.6752404
9000067,,213229,اصفهان - فلاورجان(کمربندي سپاهان شهر),32.6041693,51.581744
9000068,,213230,اصفهان - شهرضا (بهارستان),32.467083,51.7539954
9000069,,213233,نطنز - اردستان (آزادراه کنار گذر شرقي - کيلومتر1),33.1752036,51.8216515
9000070,,213234,نطنز - اردستان (آزادراه کنار گذر شرقي - کيلومتر30),32.928301,51.8508339
9000071,,213235,نطنز - اردستان (آزادراه کنار گذر شرقي-کيلومتر54.2),32.7331405,51.800108
3728420,ابرکوه - رامشه,213251,ابرکوه - رامشه,31.81814,52.613869
9000072,,213252,نايين - اردستان(سه‌راهي اردستان ),33.28462,52.3866749
9000073,,213255,کمربندي شرق اصفهان (جاده نائين - سپاهان شهر),32.6299062,51.7851305
3728423,شهرکرد - زرين شهر(باغ بهادران),213259,شهرکرد - زرين شهر(باغ بهادران),32.349254,51.11804
9000074,,213266,عوارضي آزادراه نطنز - اصفهان (اصفهان)(مجموع گيت ها),33.00827696,51.50679384
9000075,,213269,سجزي - اصفهان(روبروي WIM),32.6706651,51.9181037
9000076,,213270,شهرضا - اصفهان (روبروي wim),32.2385046,51.8254709
9000077,,213278,بهارستان - اصفهان,32.5731361,51.6752404
9000078,,213279,فلاورجان - اصفهان (کمربندي سپاهان شهر),32.6041693,51.581744
9000079,,213280,شهرضا - اصفهان (بهارستان),32.467083,51.7539954
9000080,,213283,اردستان- نطنز (آزادراه کنار گذر شرقي - کيلومتر1),33.1752036,51.8216515
9000081,,213284,اردستان - نطنز (آزادراه کنار گذر شرقي - کيلومتر30),32.928301,51.8508339
9000082,,213285,اردستان - نطنز (آزادراه کنار گذر شرقي - کيلومتر 54.2) (متناظر توزين),32.7331405,51.800108
9000083,,213401,خوانسار - دامنه (سه راهي دربيد),33.1408572,50.4431462
9000084,,213402,خوانسار - گلپايگان (وانشان),33.3505517,50.3538716
9000085,,213451,دامنه - خوانسار (سه راهي دربيد),33.1408572,50.4431462
9000086,,213452,گلپايگان - خوانسار(وانشان),33.3505517,50.3538716
3728435,سميرم - ياسوج( سه‌راهي پاتاوه),213501,سميرم - ياسوج( سه‌راهي پاتاوه),31.357521,51.534595
3728436,ياسوج - سميرم (سه‌راهي پاتاوه ),213551,ياسوج - سميرم (سه‌راهي پاتاوه ),31.357521,51.534595
3728437,اليگودرز - داران (بويين مياندشت - داران),213601,اليگودرز - داران (بويين مياندشت - داران),33.064864,50.151637
9000087,,213602,داران - تيران,32.9548086,50.6878495
9000088,,213603,(سه راهي دامنه)داران - تيران,33.0337618,50.4935825
3728439,داران - اليگودرز (داران - بويين مياندشت),213651,داران - اليگودرز (داران - بويين مياندشت),33.064864,50.151637
9000089,,213652,تيران - داران,32.9548086,50.6878495
9000090,,213653,(سه راهي دامنه)تيران - داران,33.0337618,50.4935825
9000091,,213701,سه راهي ازون بلاغ - فريدونشهر,32.9476782,50.1953101
9000092,,213751,فريدونشهر - سه راهي ازون بلاغ,32.9476782,50.1953101
9000093,,213801,ابريشم - پيربکران,32.510576,51.5544498
9000094,,213851,پيربکران - ابريشم,32.510576,51.5544498
9000095,,213901,شهرضا - اصفهان,32.1479291,51.8694484
9000096,,213902,شهرضا - سميرم,31.7059714,51.7793369
9000097,,213903,شهرضا - هرند (شهرضا - نيک‌آباد),32.2533135,52.0388675
9000098,,213904,شهر رضا - ايزد خواست (منظريه),31.9333711,51.9041562
3728448,دهاقان - بروجن,213910,دهاقان - بروجن,31.930073,51.589641
9000099,,213918,شهرضا - دهاقان(گلشن),31.9380692,51.7443824
3728450,شهرضا - ايزدخواست (منظريه),213921,شهرضا - ايزدخواست (منظريه),31.708136,52.051978
9000100,,213951,اصفهان - شهرضا,32.1479291,51.8694484
9000101,,213952,سميرم - شهرضا,31.7059714,51.7793369
9000102,,213953,هرند - شهرضا (نيک‌آباد - شهرضا),32.2533135,52.0388675
9000103,,213954,ايزد خواست - شهر رضا (منظريه),31.9333711,51.9041562
3728454,بروجن - دهاقان,213960,بروجن - دهاقان,31.930073,51.589641
9000104,,213968,دهاقان(گلشن)- شهرضا,31.9380692,51.7443824
3728456,ایزدخواست - شهرضا (منظریه),213971,ایزدخواست - شهرضا (منظریه),31.708136,52.051978
9000105,کاشان - قم (ابتداي آزادراه),214202,آزادراه کاشان - قم (کاشان - مشکات),33.970876,51.3426089
9000106,بادرود - اردستان (متناظر توزين),214204,باد رود - اردستان,33.5775857,52.1466923
9000107,کاشان - نطنز (ابتداي آزادراه),214205,آزادراه کاشان - نطنز (کاشان),33.864144,51.5220165
9000108,نطنز - کاشان (انتهاي آزادراه),214206,آزادراه نطنز - کاشان (کاشان),33.864144,51.5220165
9000109,,214209,جاده قديم مورچه‌خورت - نطنز (سه راهي مورچه خورت),33.1081689,51.4832747
9000110,,214210,قمصر - کاشان,33.8627542,51.4771378
9000111,,214211,کاشان - باد رود,33.870665,51.6393685
9000112,,214227,کاشان - نراق,34.0417074,50.959214
9000113,,214234,عوارضي آزادراه کاشان - قم (کاشان1)(مجموع گيت ها),33.95820169,51.35522974
9000114,,214239,آزادراه کاشان - نطنز (متناظر توزين),33.8377342,51.5851772
9000115,,214240,کاشان - مشهد اردهال,34.0364442,51.1536312
9000116,,214241,کاشان - نراق (مرز استان),34.0365153,51.0268807
9000117,قم - کاشان (ابتداي آزادراه),214252,آزادراه قم - کاشان (مشکات - کاشان),34.1718315,51.2590742
9000118,,214254,اردستان - باد رود,33.5702915,52.1727419
9000119,نطنز - کاشان (ابتداي آزادراه),214255,آزادراه نطنز - کاشان (کاشان),33.5544137,51.9755459
9000120,کاشان - نطنز (انتهاي آزادراه),214256,آزادراه کاشان - نطنز (کاشان),33.5544137,51.9755459
9000121,,214259,جاده قديم نطنز - مورچه‌خورت (سه راهي مورچه خورت),33.1081689,51.4832747
9000122,,214260,کاشان - قمصر,33.8627542,51.4771378
9000123,,214261,باد رود - کاشان,33.870665,51.6393685
9000124,,214277,نراق - کاشان,34.0417074,50.959214
9000125,,214284,عوارضي آزادراه قم - کاشان (کاشان1)(مجموع گيت ها),33.95820169,51.35522974
9000126,,214289,آزادراه نطنز - کاشان,33.8377342,51.5851772
9000127,,214290,مشهد اردهال - کاشان,34.0364442,51.1536312
9000128,,214291,نراق - کاشان (مرز استان),34.0365153,51.0268807
3728477,جاده قديم کاشان - قم (کاشان - سن سن),214301,جاده قديم کاشان - قم (کاشان - سن سن),34.247353,51.260005
3728478,جاده قديم قم - کاشان (سن سن - کاشان),214351,جاده قديم قم - کاشان (سن سن - کاشان),34.247353,51.260005
3728479,گلپايگان - خمين,214401,گلپايگان - خمين,33.572388,50.263212
9000129,,214402,گلپايگان - سه راه موته,33.5722224,50.6296885
3728481,خمين - گلپايگان,214451,خمين - گلپايگان,33.572388,50.263212
9000130,,214452,سه راه موته - گلپايگان,33.5722224,50.6296885
9000131,,214501,اصفهان - نجف‌آباد (فولادشهر - نجف‌آباد),32.5350915,51.3860607
9000132,,214502,اصفهان - مبارکه,32.3910148,51.6285968
3728484,زرين‌شهر - سفيددشت,214503,زرين‌شهر - سفيددشت,32.250022,51.321227
9000133,عوارضي زرين شهر - نجف آباد ,214511,آزادراه زرين‌شهر - نجف‌آباد,32.5098341,51.3561165
9000134,,214521,فولادشهر - ديزيچه,32.4501,51.5062237
9000135,,214551,نجف‌آباد - اصفهان (نجف‌آباد - فولادشهر),32.5350915,51.3860607
9000136,,214552,مبارکه - اصفهان,32.3910148,51.6285968
3728488,سفيددشت - زرين‌شهر,214553,سفيد دشت - ورناخواست (زرين شهر) ,32.250022,51.321227
9000137,عوارضي جف آباد  - زرين شهر,214561,آزادراه نجف‌آباد - زرين‌شهر,32.5098341,51.3561165
9000138,,214571,ديزيچه - فولادشهر,32.4501,51.5062237
3728491,انارک - خور (سه‌راهي جندق - خور),214602,انارک - خور (سه‌راهي جندق - خور),33.742775,54.469709
3728492,انارک - جندق (جندق - سه‌راه جندق),214603,انارک - جندق (جندق - سه‌راه جندق),33.751111,54.456503
9000139,,214604,نايين - انارک,33.0715486,53.4044123
3728494,نائين - عقدا (نائين) (متناظر توزين),214607,نائين - عقدا (نائين) (متناظر توزين),32.731231,53.262775
9000140,,214635,بهارستان - نيک آباد,32.4270646,52.0158863
9000141,,214641,بهارستان - نيك آباد,32.4270646,52.0158863
9000142,,214642,نائين - سجزي (جنب توزين),32.7163162,52.3912668
3728497,خور - انارک (خور - سه‌راهي جندق),214652,خور - انارک (خور - سه‌راهي جندق),33.742222,54.470556
3728498,جندق - انارک (سه‌راه جندق - جندق),214653,جندق - انارک,33.751111,54.456503
9000143,,214654,انارک - نايين,33.0715486,53.4044123
3728500,عقدا - نائين (نائين),214657,عقدا - نائين (نائين),32.731231,53.262775
9000144,,214685,نيک آباد - بهارستان,32.4270646,52.0158863
9000145,,214691,نيك آباد - بهارستان,32.4270646,52.0158863
9000146,,214692,سجزي - نائين,32.7163162,52.3912668
9000147,,214701,نجف آباد - تيران,32.6578577,51.2622392
9000148,کمربندي خميني شهر - نجف آباد,214702,خميني‌شهر - نجف‌آباد,32.675867,51.4355421
9000149,علويجه - گلپايگان (علويجه),214703,علويجه - دهق,33.0957841,50.9748888
9000150,دهق - گلپايگان (خنداب),214709,دهق - گلپايگان,33.1501098,50.8625847
9000151,,214711,دهق - گلپايگان(خنداب),33.1284276,50.8994356
9000152,,214712,اصفهان - نجف‌آباد (فولادشهر - نجف‌آباد),32.5350915,51.3860607
9000153,,214751,تيران - نجف آباد,32.6578577,51.2622392
9000154,,214752,نجف آباد - کمربندي خميني شهر,32.675867,51.4355421
9000155,گلپايگان - علويجه (علويجه),214753,دهق - علويجه,33.0957841,50.9748888
9000156,,214759,گلپايگان - دهق (خنداب),33.1501098,50.8625847
9000157,,214761,گلپايگان - دهق (خنداب),33.1501098,50.8625847
9000158,,214762,نجف‌آباد - اصفهان (نجف‌آباد - فولادشهر),32.5350915,51.3860607
3728513,تيران - سامان (تيران),214801,تيران - سامان,32.690669,51.135573
9000159,,214808,تيران - داران (سه راهي دامنه),33.0373055,50.503571
3728515,سامان - تيران (تيران),214851,سامان - تيران (تيران),32.690669,51.135573
9000160,,214858,داران - تيران (سه راهي دامنه),33.0373055,50.503571
9000161,,214901,آزادراه نطنز - اصفهان (عوارضي اصفهان),33.00835618,51.50665449
9000162,,214902,آزادراه نطنز - اصفهان (نطنز),33.4824087,51.9839895
9000163,بادرود - کاشان,214903,اردستان - کاشان (موغار),33.5618523,52.1849513
9000164,,214905,نطنز - ابيانه,33.6140832,51.7299628
9000165,,214916,عوارضي آزادراه نطنز - کاشان (کاشان2)(مجموع گيت ها),33.8850908,51.47770558
9000166,اصفهان - نطنز (ابتداي آزادراه),214951,آزادراه اصفهان - نطنز (عوارضي اصفهان),33.00835618,51.50665449
9000167,اصفهان - نطنز (انتهاي آزادراه),214952,آزادراه اصفهان - نطنز (نطنز),33.4824087,51.9839895
9000168,کاشان - بادرود,214953,کاشان - اردستان (موغار),33.5618523,52.1849513
9000169,,214955,ابيانه - نطنز,33.6140832,51.7299628
9000170,,214966,عوارضي آزادراه کاشان - نطنز (کاشان2)(مجموع گيت ها),33.8850908,51.47770558
3728523,ميمه - دليجان (ميمه),215101,ميمه - دليجان,33.497854,51.118156
9000171,شاهين‌شهر - مورچه‌خورت (بزرگراه آزادگان),215102,شاهين شهر - مورچه خورت,32.9630905,51.5062451
9000172,,215103,مورچه خورت - نجف آباد (آزادراه شهيد کاظمي),32.9043078,51.4056623
9000173,شاهين شهر - اصفهان (آزاد راه معلم) ,215104,آزادراه شاهين‌شهر - اصفهان (آزادراه معلم),32.764867,51.5501904
9000174,,215108,مورچه‌خورت - ميمه (سه راهي نطنز - مورچه خورت),33.10319,51.4633083
9000175,,215115,مورچه خورت - شاهين شهر,32.9630905,51.5062451
3728529,دليجان - ميمه (ميمه),215151,دليجان - ميمه,33.497854,51.118156
9000176,,215152,مورچه‌خورت - شاهين‌شهر (بزرگراه آزادگان),32.9630905,51.5062451
9000177,,215153,نجف آباد - مورچه خورت (آزادراه شهيد کاظمي),32.9043078,51.4056623
9000178,,215154,آزادراه اصفهان - شاهين‌شهر (آزادراه معلم),32.764867,51.5501904
9000179,,215158,ميمه - مورچه‌خورت (سه راهي نطنز - مورچه خورت),33.10319,51.4633083
9000180,,215165,شاهين شهر - مورچه خورت (متناظر توزين),32.9630905,51.5062451
9000181,,215201,شهرضا - طالخونچه,32.1448042,51.6605473
9000182,,215203,اصفهان - شهرضا (سه‌راهي مبارکه),32.4098205,51.7640162
3728537,مبارکه - بروجن (قمشلو),215205,مبارکه - بروجن (قمشلو),32.086932,51.453528
9000183,,215251,طالخونچه - شهرضا,32.1448042,51.6605473
9000184,,215253,شهرضا - اصفهان (سه‌راهي مبارکه),32.4098205,51.7640162
3728540,بروجن - مبارکه (قمشلو),215255,بروجن - مبارکه (قمشلو),32.086932,51.453528
9000185,,215301,چادگان - داران,32.8841282,50.5211234
9000186,,215302,تيران - چادگان (سه راهي سد زاينده‌رود),32.8101453,50.7549906
9000187,,215303,چادگان - چلگرد(مشهد کاوه),32.7244038,50.5157804
9000188,,215351,داران - چادگان,32.8841282,50.5211234
9000189,,215352,چادگان - تيران (سه‌راهي سد زاينده‌رود),32.8101453,50.7549906
9000190,,215353,چلگرد - چادگان(مشهد کاوه),32.7244038,50.5157804
3728547,تبريز - صوفيان,263101,تبريز - صوفيان,38.22857,46.0584
3728548,ايلخچي - آذرشهر,263102,ايلخچي - آذرشهر,37.870615,45.940901
3728549,تبريز - جزيره اسلامي,263103,تبريز - جزيره اسلامي,37.899308,45.898606
3728550,آزادراه تبريز - زنجان (بستان‌آباد - هشترود),263104,آزادراه تبريز - زنجان (بستان‌آباد - هشترود),37.757624,46.848607
3728551,آزادراه تبريز - زنجان (هشترود - عوارضي مياندوآب),263105,آزادراه تبريز - زنجان (هشترود - عوارضي مياندوآب),37.333524,47.040693
3728552,تبريز - اسپران,263106,تبريز - اسپران,38.14266,46.26495
3728553,جاده قديم بستان‌آباد - تبريز,263107,جاده قديم بستان‌آباد - تبريز,37.912558,46.687992
3728554,تبريز - ايلخچي,263110,تبريز - ايلخچي,38.026011,46.12808
3728555,آزادراه تبريز - زنجان (تبريز - عوارضي تبريز),263111,آزادراه تبريز - زنجان (تبريز - عوارضي تبريز),38.000772,46.447139
3728556,کمربندي غربي تبريز - صوفيان,263112,کمربندي غربي تبريز - صوفيان,38.094886,46.19135
3728557,صوفيان - تبريز,263151,صوفيان - تبريز,38.22857,46.0584
3728558,آذرشهر - ايلخچي,263152,آذرشهر - ايلخچي,37.870615,45.940901
3728559,جزيره اسلامي - تبريز,263153,جزيره اسلامي - تبريز,37.899308,45.898606
3728560,آزادراه زنجان - تبريز (هشترود - بستان‌آباد),263154,آزادراه زنجان - تبريز (هشترود - بستان‌آباد),37.757624,46.848607
3728561,آزادراه زنجان - تبريز (عوارضي مياندوآب - هشترود),263155,آزادراه زنجان - تبريز (عوارضي مياندوآب - هشترود),37.333524,47.040693
3728562,اسپران - تبريز,263156,اسپران - تبريز,38.14266,46.26495
3728563,جاده قديم تبريز - بستان‌آباد,263157,جاده قديم تبريز - بستان‌آباد,37.912558,46.687992
3728564,ايلخچي - تبريز,263160,ايلخچي - تبريز,38.026011,46.12808
3728565,آزادراه زنجان - تبريز (عوارضي تبريز - تبريز),263161,آزادراه زنجان - تبريز (عوارضي تبريز - تبريز),38.000772,46.447139
3728566,صوفيان - کمربندي غربي تبريز,263162,صوفيان - کمربندي غربي تبريز,38.094886,46.19135
3728567,آذرشهر - عجب شير,263201,آذرشهر - عجب شير,37.603923,45.832206
3728568,کنار گذر جنوبي شهيد کسايي (باسمنج - تبريز),263236,کنار گذر جنوبي شهيد کسايي (باسمنج - تبريز),38.03916,46.309932
3728569,آزادراه تبريز - زنجان (بستان آباد) (متناظر توزين),263237,آزادراه تبريز - زنجان (بستان آباد),37.8664497,46.7638274
3728570,عجب شير - آذرشهر,263251,عجب شير - آذرشهر,37.603923,45.832206
3728571,کنار گذر جنوبي شهيد کسايي (تبريز - باسمنج),263286,کنار گذر جنوبي شهيد کسايي (تبريز - باسمنج),38.03916,46.309932
3728572,آزادراه زنجان - تبريز (بستان آباد),263287,آزادراه زنجان - تبريز (بستان آباد),37.8664497,46.7638274
3728573,سهند - تبريز,263301,سهند - تبريز,37.9350365,46.2177547
3728574,تبريز - سهند,263351,تبريز - سهند,37.9350365,46.2177547
3728575,تبريز - خواجه,263401,تبريز - خواجه,38.152004,46.595391
3728576,اهر - کليبر,263402,اهر - کليبر,38.578897,47.221408
3728577,اهر - مشگين شهر (اهر),263403,اهر - مشگين شهر,38.460608,47.110228
3728578,اهر - هوراند,263404,اهر - هوراند,38.588354,47.225702
3728579,اهر - ورزقان,263405,اهر - ورزقان,38.4761,47.03776
3728580,خواجه - تبريز,263451,خواجه - تبريز,38.152004,46.595391
3728581,کليبر - اهر,263452,کليبر - اهر,38.578897,47.221408
3728582,مشگين شهر - اهر (اهر),263453,مشگين شهر - اهر,38.460608,47.110228
3728583,هوراند - اهر,263454,هوراند - اهر,38.588354,47.225702
3728584,ورزقان - اهر,263455,ورزقان - اهر,38.4761,47.03776
3728585,سراب - نير (سراب),263501,سراب - نير,37.939975,47.677486
3728586,نير - سراب (سراب),263551,نير - سراب,37.939975,47.677486
3728587,هشترود - مراغه (مراغه),263601,هشترود - مراغه,37.342147,46.309158
3728588,مراغه - بناب,263602,مراغه - بناب,37.348688,46.114144
3728589,قره چمن - سه‌راهي هشترود,263603,قره چمن - سه‌راهي هشترود,37.58192,47.10173
3728590,مراغه - هشترود (مراغه),263651,مراغه - هشترود,37.342147,46.309158
3728591,بناب - مراغه,263652,بناب - مراغه,37.348688,46.114144
3728592,سه‌راهي هشترود - قره چمن,263653,سه‌راهي هشترود - قره چمن,37.58192,47.10173
3728593,جلفا - مرند,263702,جلفا - مرند,38.626478,45.700025
3728594,مرند - ايواغلي (مرند - کشکسراي),263703,مرند - ايواغلي (مرند - کشکسراي),38.455328,45.682011
3728595,مرند - ايواغلي (کشکسراي - سه‌راه ايواغلي),263704,مرند - ايواغلي (کشکسراي - سه‌راه ايواغلي),38.493003,45.386767
3728596,صوفيان - مرند (مرند),263714,صوفيان - مرند (مرند),38.3732394,45.7479521
3728597,مرند - جلفا,263752,مرند - جلفا,38.626478,45.700025
3728598,ايواغلي - مرند (کشکسراي - مرند),263753,ايواغلي - مرند (کشکسراي - مرند),38.455328,45.682011
3728599,ايواغلي - مرند (سه‌راه ايواغلي - کشکسراي),263754,ايواغلي - مرند (سه‌راه ايواغلي - کشکسراي),38.493003,45.386767
3728600,مرند - صوفيان (مرند) (متناظر توزين),263764,مرند - صوفيان (مرند) (متناظر توزين),38.3732394,45.7479521
3728601,جلفا - نوردوز,263802,جلفا - نوردوز,38.947383,45.682022
3728602,جلفا - پلدشت (جلفا),263804,جلفا - پلدشت,38.976156,45.578522
3728603,جلفا - سه راهي ايواغلي,263806,جلفا - سه راهي ايواغلي,38.793787,45.450919
3728604,نوردوز - جلفا,263852,نوردوز - جلفا,38.947383,45.682022
3728605,پلدشت - جلفا (جلفا),263854,پلدشت - جلفا,38.976156,45.578522
3728606,سه راهي ايواغلي - جلفا,263856,سه راهي ايواغلي - جلفا,38.793787,45.450919
3728607,آزادراه تبريز - زنجان (عوارضي مياندوآب - مرز استان),263901,آزادراه تبريز - زنجان (عوارضي مياندوآب - مرز استان),37.135606,47.711388
3728608,سرچم - اردبيل (سرچم),263902,سرچم - اردبيل (سرچم),37.152919,47.965919
3728609,جاده قديم ميانه - زنجان (ميانه - سرچم),263903,جاده قديم ميانه - زنجان (ميانه - سرچم),37.301542,47.811406
9000191,,263904,مجموع گيت هاي عوارضي ميانه - مياندوآب,37.19086144,47.37098378
3728610,آزادراه زنجان - تبريز (مرز استان - عوارضي مياندوآب),263951,آزادراه زنجان - تبريز (مرز استان - عوارضي مياندوآب),37.135606,47.711388
3730691,خلخال - سه راهي سرچم,263952,خلخال - سه راهي سرچم,37.606973,48.789479
3728612,جاده قديم زنجان - ميانه (سرچم - ميانه),263953,جاده قديم زنجان - ميانه (سرچم - ميانه),37.301542,47.811406
9000192,,263954,مجموع گيت هاي عوارضي مياندوآب - ميانه,37.19086144,47.37098378
3728613,بناب - عجبشير,264201,بناب - عجبشير,37.401593,46.034587
3728614,بناب - ملکان,264202,بناب - ملکان,37.23837,46.061629
3728615,ملکان - مياندوآب (ملکان),264203,ملکان - مياندوآب (ملکان),37.109733,46.115089
3728616,عجبشير - بناب,264251,عجبشير - بناب,37.398357,46.027839
3728617,ملکان - بناب,264252,ملکان - بناب,37.258148,46.054876
3728618,مياندوآب - ملکان (ملکان),264253,مياندوآب - ملکان (ملکان),37.109733,46.115089
3728619,هريس - سه راهي هريس,264301,هريس - سه راهي هريس,38.204964,46.888917
3728620,سه راهي هريس - اهر,264302,سه راهي هريس - اهر,38.35365,46.861661
3728621,سه راهي هريس - هريس,264351,سه راهي هريس - هريس,38.204964,46.888917
3728622,اهر - سه راهي هريس,264352,اهر - سه راهي هريس,38.35365,46.861661
3728623,ميانه - خلخال (مرز استان),264401,ميانه - خلخال (مرز استان),37.5223,47.96417
3728624,سراب - بستان آباد,264402,سراب - بستان آباد,37.927469,47.189636
3728625,بستان آباد - ميانه,264403,بستان آباد - ميانه,37.734721,46.959069
3728626,آزادراه تبريز - زنجان (عوارضي تبريز - بستان‌آباد),264405,آزادراه تبريز - زنجان (عوارضي تبريز - بستان‌آباد),37.93121,46.654214
3728627,ميانه - مياندوآب (ميانه),264406,ميانه - مياندوآب (ميانه),37.363406,47.700892
3728628,جاده قديم بستان آباد - تبريز (تبريز),264415,جاده قديم بستان آباد - تبريز (تبريز),37.989961,46.5391971
3728629,خلخال - ميانه (مرز استان),264451,خلخال - ميانه (مرز استان),37.5223,47.96417
3728630,بستان آباد - سراب (متناظر توزين),264452,بستان آباد - سراب (متناظر توزين),37.927469,47.189636
3728631,ميانه - بستان آباد,264453,ميانه - بستان آباد,37.734721,46.959069
3728632,آزادراه زنجان - تبريز (بستان‌آباد - عوارضي تبريز),264455,آزادراه زنجان - تبريز (بستان‌آباد - عوارضي تبريز),37.93121,46.654214
3728633,مياندوآب - ميانه (ميانه),264456,مياندوآب - ميانه (ميانه),37.363406,47.700892
3728634,جاده قديم تبريز - بستان آباد (تبريز),264465,جاده قديم تبريز - بستان آباد (تبريز),37.989961,46.5391971
3728635,صوفيان - شبستر,264501,صوفيان - شبستر,38.215344,45.880426
3728596,صوفيان - مرند (مرند),264502,صوفيان - مرند,38.3732394,45.7479521
3728637,شبستر - تسوج,264503,شبستر - تسوج,38.173375,45.611972
3728638,تسوج - سلماس (تسوج),264504,تسوج - سلماس,38.318972,45.277372
3728639,شبستر - صوفيان,264551,شبستر - صوفيان,38.215344,45.880426
3728640,مرند - صوفيان,264552,مرند - صوفيان,38.334139,45.904156
3728641,تسوج - شبستر,264553,تسوج - شبستر,38.173375,45.611972
3728642,سلماس - تسوج (تسوج),264554,سلماس - تسوج,38.318972,45.277372
3728643,کليبر - جانانلو,264701,کليبر - جانانلو,38.872272,47.0408
3728644,کليبر - عاشقلو,264702,کليبر - عاشقلو,38.86682,47.03004
3728645,اسکانلو - اصلاندوز,264703,اسکانلو - اصلاندوز,39.410187,47.364107
3728646,جانانلو - کليبر,264751,جانانلو - کليبر,38.872272,47.0408
3728647,عاشقلو - کليبر,264752,عاشقلو - کليبر,38.86682,47.03004
3728648,اصلاندوز - اسکانلو,264753,اصلاندوز - اسکانلو,39.410187,47.364107
3728649,خواجه - ورزقان,264801,خواجه - ورزقان,38.311768,46.61452
3728650,سه‌راهي خواجه - سه‌راهي هريس,264802,سه‌راهي خواجه - سه‌راهي هريس,38.15535,46.703297
9000193,,264803,خواجه - ورزقان (خواجه),38.1757268,46.6025448
3728651,ورزقان - خواجه,264851,ورزقان - خواجه,38.311768,46.61452
3728652,سه‌راهي هريس - سه‌راهي خواجه,264852,سه‌راهي هريس - سه‌راهي خواجه,38.15535,46.703297
9000194,,264853,ورزقان - خواجه (خواجه),38.1757268,46.6025448
3728653,سه‌راه باغچه - نيشابور (ابرش),313101,سه‌راه باغچه - نيشابور (ابرش),35.99826,59.40448
3728654,مشهد - سرخس (مشهد - رضويه),313102,مشهد - سرخس (مشهد - رضويه),36.234922,59.730158
3728655,مشهد - چناران (مشهد - تقاطع آزادراه),313103,مشهد - چناران (مشهد - تقاطع آزادراه),36.45148,59.42774
3728656,مشهد - فريمان (تپه سلام - سنگ بست),313104,مشهد - فريمان (تپه سلام - سنگ بست),36.10203,59.749485
3728657,آزادراه مشهد - باغچه (مشهد),313105,آزادراه مشهد - باغچه (مشهد),36.206031,59.64366
3728658,مشهد - سدکارده (سه‌راه کارده),313106,مشهد - سدکارده (سه‌راه کارده),36.473219,59.670395
3728659,مشهد - کلات (سه‌راه کارده),313107,مشهد - کلات (سه‌راه کارده),36.472622,59.670419
3728660,مشهد - سرخس (سرخس),313108,مشهد - سرخس (سرخس),36.486948,61.107203
3728661,جاده قديم مشهد - باغچه,313109,جاده قديم مشهد - باغچه,36.082578,59.647031
3728662,مشهد - سرخس (رضويه - آبروان),313110,مشهد - سرخس (رضويه - آبروان),36.1934583,59.7797583
3728663,مشهد - شانديز,313111,مشهد - شانديز,36.387796,59.409106
3728664,جاده قديم مشهد - چناران,313120,جاده قديم مشهد - چناران,36.45406,59.441945
3728665,آزادراه کنارگذر باغچه - چناران (عوارضي مزرعه نمونه),313121,آزادراه کنارگذر باغچه - چناران (عوارضي مزرعه نمونه),36.175928,59.74186
3728666,فريمان - مشهد (فريمان - سنگ بست),313122,فريمان - مشهد (فريمان - سنگ بست),35.963504,59.74668
9000195,,313123,مشهد(خراسان)-کلات (خراسان),36.6882438,59.9869394
3728693,آزادراه کنارگذر باغچه - چناران (عوارضي امرغان),313124,آزادراه کنارگذر باغچه - چناران (عوارضي امرغان),36.361986,59.738799
3728666,فريمان - مشهد (فريمان - سنگ بست),313128,فريمان - مشهد (فريمان - سنگ بست),35.963504,59.74668
3728667,مشهد - کلات (مشهد - چنار),313130,مشهد - کلات (مشهد - چنار),36.687315,59.988401
3728668,مشهد - تربت‌حيدريه (باغچه - رباط سفيد),313144,مشهد - تربت‌حيدريه (باغچه - رباط سفيد),35.85235,59.408788
3728669,نيشابور - مشهد (قدمگاه),313145,نيشابور - مشهد (قدمگاه),36.101948,59.051235
3728670,آزادراه مشهد - باغچه (باغچه),313146,آزادراه مشهد - باغچه (باغچه),35.993972,59.614002
3728671,نيشابور - سه‌راه باغچه (ابرش),313151,نيشابور - سه‌راه باغچه (ابرش),35.99826,59.40448
3728672,سرخس - مشهد (رضويه - مشهد),313152,سرخس - مشهد (رضويه - مشهد),36.234922,59.730158
3728732,چناران - مشهد (چناران - گلبهار),313153,چناران - مشهد,36.595139,59.199275
3728700,فريمان - مشهد (عوارضي فريمان),313154,فريمان - مشهد,36.077266,59.748684
3728675,آزادراه باغچه - مشهد (مشهد),313155,آزادراه باغچه - مشهد (مشهد),36.206031,59.64366
3728676,سدکارده - مشهد (سه‌راه کارده),313156,سدکارده - مشهد (سه‌راه کارده),36.473219,59.670395
3728685,کلات - مشهد (چنار - مشهد),313157,کلات - مشهد,36.687315,59.988401
3728678,سرخس - مشهد (سرخس),313158,سرخس - مشهد (سرخس),36.486948,61.107203
3728679,جاده قديم باغچه - مشهد,313159,جاده قديم باغچه - مشهد,36.082578,59.647031
3728680,سرخس - مشهد (آبروان - رضويه),313160,سرخس - مشهد (آبروان - رضويه),36.1934583,59.7797583
3728681,شانديز - مشهد,313161,شانديز - مشهد,36.387796,59.409106
3728682,جاده قديم چناران - مشهد,313170,جاده قديم چناران - مشهد,36.45406,59.441945
3728683,آزادراه کنارگذر چناران - باغچه (عوارضي مزرعه نمونه),313171,آزادراه کنارگذر چناران - باغچه (عوارضي مزرعه نمونه),36.175928,59.74186
3728684,مشهد - فريمان (سنگ بست - فريمان),313172,مشهد - فريمان (سنگ بست - فريمان),35.963504,59.74668
9000196,,313173,کلات - مشهد (کلات - قلعه‌نو),36.6882438,59.9869394
3728698,آزادراه کنارگذر چناران - باغچه (عوارضي امرغان),313174,آزادراه کنارگذر چناران - باغچه (عوارضي امرغان),36.361986,59.738799
3728684,مشهد - فريمان (سنگ بست - فريمان),313178,مشهد - فريمان (سنگ بست - فريمان),35.963504,59.74668
3728685,کلات - مشهد (چنار - مشهد),313180,کلات - مشهد (چنار - مشهد),36.687315,59.988401
3728686,تربت‌حيدريه - مشهد (رباط سفيد - باغچه),313194,تربت‌حيدريه - مشهد (رباط سفيد - باغچه),35.85235,59.408788
3728687,مشهد - نيشابور (قدمگاه),313195,مشهد - نيشابور (قدمگاه),36.101948,59.051235
3728688,آزادراه باغچه - مشهد (باغچه),313196,آزادراه باغچه - مشهد (باغچه),35.993972,59.614002
3728689,آزادراه کنارگذر باغچه - چناران (عوارضي ناظريه),313208,آزادراه کنارگذر باغچه - چناران (عوارضي ناظريه),36.489869,59.397639
9000197,,313219,عوارضي مشهد - باغچه (مجموع گيت ها),36.21828029,59.62583035
9000198,,313220,عوارضي فريمان (مشهد - فريمان),36.07837715,59.74563312
3728690,نيشابور - مشهد (نيشابور) (متناظر توزين),313223,نيشابور - مشهد (نيشابور) (متناظر توزين),36.183005,58.873587
3728691,تربت حيدريه - مشهد (کمربندي تربت حيدريه) (متناظر توزين),313224,تربت حيدريه - مشهد (کمربندي تربت حيدريه),35.349387,59.235163
9000199,,313225,عوارضي مشهد - باغچه (ملک آباد) (مجموع گيت ها),36.21828029,59.62583035
9000200,,313231,مشهد - چناران (کمربندي),36.6207977,59.0970147
3728692,مشهد - ميامي,313235,مشهد - ميامي,36.251117,59.738733
3728693,آزادراه کنارگذر باغچه - چناران (عوارضي امرغان),313249,آزادراه کنارگذر باغچه - چناران (عوارضي امرغان),36.361986,59.738799
3728694,آزادراه کنارگذر چناران - باغچه (عوارضي ناظريه),313258,آزادراه کنارگذر چناران - باغچه (عوارضي ناظريه),36.489869,59.397639
9000201,,313269,عوارضي باغچه - مشهد (مجموع گيت ها),36.21828029,59.62583035
9000202,,313270,عوارضي فريمان (فريمان - مشهد),36.07837715,59.74563312
3728695,مشهد - نيشابور (نيشابور) (متناظر توزين),313273,مشهد - نيشابور (نيشابور) (متناظر توزين),36.174486,58.921117
3728696,مشهد - تربت حيدريه (کمربندي تربت حيدريه),313274,مشهد - تربت حيدريه (کمربندي تربت حيدريه),35.349387,59.235163
9000203,,313275,عوارضي باغچه - مشهد (مشهد) (مجموع گيت ها),36.21828029,59.62583035
9000204,,313281,چناران - مشهد (کمربندي),36.6207977,59.0970147
3728697,ميامي - مشهد,313285,ميامي - مشهد,36.251117,59.738733
3728698,آزادراه کنارگذر چناران - باغچه (عوارضي امرغان),313299,آزادراه کنارگذر چناران - باغچه (عوارضي امرغان),36.361986,59.738799
3728699,مشهد - فريمان (عوارضي فريمان),313302,مشهد - فريمان (عوارضي فريمان),36.077266,59.748684
3728700,فريمان - مشهد (عوارضي فريمان),313352,فريمان - مشهد (عوارضي فريمان),36.077266,59.748684
3728701,تايباد - پايانه مرزي دوغارون,313601,تايباد - پايانه مرزي دوغارون,34.716779,60.973277
3728702,تربت‌حيدريه - تايباد (تايباد),313602,تربت‌حيدريه - تايباد (تايباد),34.777849,60.765678
3728703,پايانه مرزي دوغارون - تايباد,313651,پايانه مرزي دوغارون - تايباد,34.716779,60.973277
3728704,تايباد - تربت‌حيدريه (تايباد),313652,تايباد - تربت‌حيدريه (تايباد),34.777849,60.765678
3728705,تربت‌جام - تايباد (تربت‌جام),313701,تربت‌جام - تايباد (تربت‌جام),35.175492,60.661735
3728706,تربت‌جام - باخرز (تربت‌جام),313702,تربت‌جام - باخرز (تربت‌جام),35.208713,60.588821
3728707,تربت‌جام - صالح‌آباد (تربت‌جام),313703,تربت‌جام - صالح‌آباد (تربت‌جام),35.261,60.644
3728708,تايباد - تربت‌جام (تربت‌جام),313751,تايباد - تربت‌جام (تربت‌جام),35.175492,60.661735
3728709,باخرز - تربت‌جام (تربت‌جام),313752,باخرز - تربت‌جام (تربت‌جام),35.208713,60.588821
3728710,صالح‌آباد - تربت‌جام (تربت‌جام),313753,صالح‌آباد - تربت‌جام (تربت‌جام),35.261,60.644
3728711,تربت‌حيدريه - سه‌راه شادمهر,313801,تربت‌حيدريه - سه‌راه شادمهر,35.22614,59.201711
3728712,مشهد - تربت حیدریه (باغچه - رباط سنگ),313802,مشهد - تربت حیدریه (باغچه - رباط سنگ),35.580102,59.214498
3728713,تربت حيدريه - رشتخوار,313803,تربت حيدريه - رشتخوار,35.219984,59.257061
3728714,تربت‌حيدريه - تايباد (تربت‌حيدريه),313804,تربت‌حيدريه - تايباد (تربت‌حيدريه),35.295256,59.278954
3728715,فيض‌آباد - مهنه,313805,فيض‌آباد - مهنه,35.0013,58.82793
3728716,فيض‌آباد - بجستان (فيض‌آباد),313806,فيض‌آباد - بجستان (فيض‌آباد),34.99826,58.76787
3728724,شادمهر - مهنه,313820,شادمهر - مهنه,35.156342,59.026013
3728717,مهنه - شادمهر (متناظر توزين),313822,مهنه - شادمهر (متناظر توزين),35.156342,59.026013
3728718,سه‌راهي شادمهر - تربت‌حيدريه,313851,سه‌راهي شادمهر - تربت‌حيدريه,35.22614,59.201711
3728719,تریت حیدریه - مشهد (رباط سنگ - باغچه),313852,تریت حیدریه - مشهد (رباط سنگ - باغچه),35.577658,59.213908
3728720,رشتخوار - تربت حيدريه,313853,رشتخوار - تربت حيدريه,35.219984,59.257061
3728721,تايباد - تربت‌حيدريه (تربت‌حيدريه),313854,تايباد - تربت‌حيدريه (تربت‌حيدريه),35.295256,59.278954
3728722,مهنه - فيض‌آباد,313855,مهنه - فيض‌آباد,35.0013,58.82793
3728723,بجستان - فيض‌آباد (فيض‌آباد),313856,بجستان - فيض‌آباد (فيض‌آباد),34.99826,58.76787
9000205,,313870,مهنه - شادمهر,35.156342,59.026013
3728724,شادمهر - مهنه,313872,شادمهر - مهنه,35.156342,59.026013
3728725,چناران - قوچان (چناران - سه‌راه چکنه),313901,چناران - قوچان (چناران - سه‌راه چکنه),36.8865,58.7354
3728726,مشهد - چناران (گلبهار - چناران),313902,مشهد - چناران (گلبهار - چناران),36.595139,59.199275
9000206,,313903,چناران - قوچان (پردازش دوربين نظارتي),36.967877,58.640457
3728727,قوچان - چناران (متناظر توزين),313904,قوچان - چناران (متناظر توزين),36.967877,58.640457
3728733,چناران - قوچان,313905,چناران - قوچان,36.967877,58.640457
3728728,قوچان - فاروج (قوچان),313909,قوچان - فاروج,37.172754,58.309561
3728729,قوچان - درگز (قوچان - امام قلي),313910,قوچان - درگز (قوچان - امام قلي),37.38565,58.52816
3728730,قوچان - باجگيران (امام قلي - باجگيران),313911,قوچان - باجگيران (امام قلي - باجگيران),37.53191,58.4219
3728731,قوچان - چناران (سه‌راه چکنه - چناران),313951,قوچان - چناران (سه‌راه چکنه - چناران),36.8865,58.7354
3728732,چناران - مشهد (چناران - گلبهار),313952,چناران - مشهد (چناران - گلبهار),36.595139,59.199275
9000207,,313953,قوچان - چناران (پردازش دوربين نظارتي),36.967877,58.640457
3728733,چناران - قوچان,313954,چناران - قوچان,36.967877,58.640457
9000208,,313955,قوچان - چناران,36.967877,58.640457
3728734,فاروج - قوچان (قوچان),313959,فاروج - قوچان,37.172754,58.309561
3728735,درگز - قوچان (امام قلي - قوچان),313960,درگز - قوچان (امام قلي - قوچان),37.38565,58.52816
3728736,باجگيران - قوچان (باجگيران - امام قلي),313961,باجگيران - قوچان (باجگيران - امام قلي),37.53191,58.4219
3728738,خواف - تايباد (خواف),314101,خواف - تايباد,34.449158,60.218353
3728887,خواف - قائن (فرخي),314102,خواف - قائن,34.011009,59.747623
3728737,خواف - رشتخوار,314104,خواف-رشتخوار,34.842325,59.788369
3728738,خواف - تايباد (خواف),314105,خواف - تايباد (خواف),34.449158,60.218353
3728739,خواف - قائن (مرز استان),314106,خواف - قائن (مرز استان),34.180501,59.945884
3728741,تايباد - خواف (خواف),314151,تايباد - خواف,34.449158,60.218353
3728883,قائن - خواف (فرخي),314152,قائن - خواف,34.011009,59.747623
3728740,رشتخوار - خواف,314154,رشتخوار- خواف,34.842325,59.788369
3728741,تايباد - خواف (خواف),314155,تايباد - خواف (خواف),34.449158,60.218353
3728742,قائن - خواف (مرز استان),314156,قائن - خواف (مرز استان),34.180501,59.945884
3728743,درگز - قوچان (درگز - امام قلي),314201,درگز - قوچان (درگز - امام قلي),37.550469,58.91388
3728744,درگز-لطف آباد,314202,درگز-لطف آباد,37.503435,59.252555
3728745,درگز - کلات (کيلومتر 13),314203,درگز - کلات (کيلومتر 13),37.055136,59.628731
3728746,قوچان - درگز (امام قلي - درگز),314251,قوچان - درگز (امام قلي - درگز),37.550469,58.91388
3728747,لطف آباد-درگز,314252,لطف آباد-درگز,37.503435,59.252555
3728748,کلات - درگز (کيلومتر 13),314253,کلات - درگز (کيلومتر 13),37.055136,59.628731
3728749,سبزوار - بردسکن (سبزوار),314301,سبزوار - بردسکن,36.177533,57.697125
3728750,سبزوار - شاهرود (سبزوار - داورزن),314302,سبزوار - شاهرود (سبزوار - داورزن),36.33525,56.944789
3728751,سبزوار - قوچان (سبزوار - سلطان‌آباد),314303,سبزوار - قوچان (سبزوار - سلطان‌آباد),36.232756,57.725308
3728752,سبزوار - اسفراين (سبزوار),314304,سبزوار - اسفراين,36.222264,57.651522
3728753,قوچان - سبزوار (سه‌راه چکنه - سلطان‌آباد),314305,قوچان - سبزوار (سه‌راه چکنه - سلطان‌آباد),36.9470694,58.6504389
3728785,سبزوار - نيشابور (نيشابور),314320,سبزوار - نيشابور,36.182897,58.652641
3728755,بردسکن - سبزوار (سبزوار),314351,بردسکن - سبزوار,36.177533,57.697125
3728756,شاهرود - سبزوار (داورزن - سبزوار),314352,شاهرود - سبزوار (داورزن - سبزوار),36.33525,56.944789
3728757,قوچان - سبزوار (سلطان‌آباد - سبزوار),314353,قوچان - سبزوار (سلطان‌آباد - سبزوار),36.232756,57.725308
3728758,اسفراين - سبزوار (سبزوار),314354,اسفراين - سبزوار,36.222264,57.651522
3728759,سبزوار - قوچان (سلطان‌آباد - سه‌راه چکنه),314355,سبزوار - قوچان (سلطان‌آباد - سه‌راه چکنه),36.9470694,58.6504389
3728760,نيشابور - سبزوار (زعفرانيه),314370,نيشابور - سبزوار (زعفرانيه),36.169184,58.083529
3728761,فردوس - بجستان (بجستان),314701,فردوس - بجستان,34.492059,58.193207
3728762,بجستان - فردوس (بجستان),314751,بجستان - فردوس,34.492059,58.193207
3728763,فريمان - تربت‌جام (فريمان),314801,فريمان - تربت‌جام (فريمان),35.62152,59.977119
3728764,تربت‌جام - فريمان (فريمان),314851,تربت‌جام - فريمان (فريمان),35.62152,59.977119
9000209,,315304,درونه-شاهرود,35.1612139,57.045629
3728765,بردسکن - شاهرود (بردسکن),315305,بردسکن - شاهرود,35.163702,57.395038
9000210,,315354,شاهرود-درونه,35.1612139,57.045629
3728766,شاهرود - بردسکن (بردسکن),315355,شاهرود - بردسکن,35.163702,57.395038
3728767,شادمهر - کاشمر,315401,شادمهر - کاشمر,35.2348,58.6301694
3728768,کاشمر - بردسکن,315402,کاشمر - بردسکن,35.247874,58.139786
3728769,کاشمر - شادمهر,315451,کاشمر - شادمهر,35.2348,58.6301694
3728770,بردسکن - کاشمر,315452,بردسکن - کاشمر,35.247874,58.139786
3728771,گناباد - فردوس (گناباد),315501,گناباد - فردوس,34.23044,58.5952
3728772,گناباد - قائن (گناباد),315502,گناباد - قائن,34.2153,58.79949
3728773,گناباد - مهنه (مهنه),315503,گناباد - مهنه (مهنه),34.56315,58.703794
3728774,گناباد - بجستان (گناباد),315504,گناباد - بجستان,34.3714778,58.6439889
3728775,بجستان - بردسکن (سردق),315505,بجستان - بردسکن,34.670819,58.205193
3728776,فردوس - گناباد (گناباد),315551,فردوس - گناباد,34.23044,58.5952
3728777,قائن - گناباد (گناباد),315552,قائن - گناباد,34.2153,58.79949
3728778,مهنه - گناباد (مهنه),315553,مهنه - گناباد (مهنه),34.56315,58.703794
3728779,بجستان - گناباد (گناباد),315554,بجستان - گناباد,34.3714778,58.6439889
3728780,بردسکن - بجستان (سردق),315555,بردسکن - بجستان,34.670819,58.205193
3728781,نيشابور - سبزوار (نيشابور),315701,نيشابور - سبزوار,36.182897,58.652641
3728782,نيشابور - کاشمر (نيشابور),315702,نيشابور - کاشمر,36.155808,58.748808
3728783,جاده قديم نيشابور - سبزوار (نيشابور - فيروزه),315723,جاده قديم نيشابور - سبزوار (نيشابور - فيروزه),36.252847,58.680589
3728784,جاده قديم نيشابور - سبزوار (فيروزه - سلطان‌آباد),315728,جاده قديم نيشابور - سبزوار (فيروزه - سلطان‌آباد),36.295,58.496
3728785,سبزوار - نيشابور (نيشابور),315751,سبزوار - نيشابور,36.182897,58.652641
3728786,کاشمر - نيشابور (نيشابور),315752,کاشمر - نيشابور,36.155808,58.748808
3728787,جاده قديم سبزوار - نيشابور (فيروزه - نيشابور),315773,جاده قديم سبزوار - نيشابور (فيروزه - نيشابور),36.252847,58.680589
3728788,جاده قديم سبزوار - نيشابور (سلطان‌آباد - فيروزه),315778,جاده قديم سبزوار - نيشابور (سلطان‌آباد - فيروزه),36.295,58.496
3728789,بجنورد - شيروان (بجنورد),323101,بجنورد - شيروان,37.4788,57.4167
3728790,بجنورد - آشخانه (بيدک),323102,بجنورد - آشخانه,37.5044,57.1721
3728791,بجنورد - آشخانه (کريک),323103,بجنورد - آشخانه (کريک),37.5778,56.96496
3728792,بجنورد - اسفراين (بجنورد),323104,بجنورد - اسفراين,37.435321,57.312185
3728793,شيروان - بجنورد (سيساب),323105,شيروان - بجنورد (سيساب),37.4384,57.8216
3728794,سه راهي ايرج - اسفراين,323108,سه راهي ايرج - اسفراين,37.1321944,57.40075
3728795,شيروان - بجنورد (بجنورد),323151,شيروان - بجنورد,37.4788,57.4167
3728796,آشخانه - بجنورد (بيدک),323152,آشخانه - بجنورد,37.5044,57.1721
3728797,آشخانه - بجنورد (کريک),323153,آشخانه - بجنورد (کريک),37.5778,56.96496
3728798,اسفراين - بجنورد (بجنورد),323154,اسفراين - بجنورد,37.435321,57.312185
3728799,بجنورد - شيروان (سيساب) (متناظر توزين),323155,بجنورد - شيروان (سيساب) (متناظر توزين),37.4384,57.8216
3728800,اسفراين - سه راهي ايرج,323158,اسفراين - سه راهي ايرج,37.1321944,57.40075
3728801,گرمه - ميامي (گرمه),323203,گرمه - ميامي,36.9702,56.194
3728802,گرمه - جاجرم,323204,گرمه - جاجرم,36.96344,56.33493
3728803,جاجرم - اميرآباد (جاجرم),323205,جاجرم - اميرآباد,36.92289,56.39819
3728804,اسفراين - سبزوار (اسفراين),323206,اسفراين - سبزوار (اسفراين),37.02526,57.4987
3728805,سنخواست - سه راهي ايرج,323207,سنخواست - سه راهي ايرج,37.128226,57.301356
3728806,گرمه - چمن بيد,323208,گرمه - چمن بيد,37.3149,56.5329
3728807,سنخواست - جاجرم,323209,سنخواست - جاجرم,37.061563,56.741146
3728808,جاده قديم بجنورد - آشخانه,323210,جاده قديم بجنورد - آشخانه,37.47556,57.2425
3728809,کمربندي بجنورد (شرق به غرب),323211,کمربندي بجنورد (شرق به غرب),37.51782,57.34333
3728810,بجنورد - شوقان,323219,بجنورد - شوقان,37.40905,57.28233
3728811,پيش قلعه - راز,323226,پيش قلعه - راز,37.93065,56.92443
3728812,ميامي - گرمه (گرمه),323253,ميامي - گرمه,36.9702,56.194
3728813,جاجرم - گرمه,323254,جاجرم - گرمه,36.96344,56.33493
3728814,اميرآباد - جاجرم (جاجرم),323255,اميرآباد - جاجرم,36.92289,56.39819
3728815,سبزوار - اسفراين (اسفراين),323256,سبزوار - اسفراين (اسفراين),37.02526,57.4987
3728816,سه راهي ايرج - سنخواست,323257,سه راهي ايرج - سنخواست,37.128226,57.301356
3728817,چمن بيد - گرمه,323258,چمن بيد - گرمه,37.3149,56.5329
3728818,جاجرم - سنخواست,323259,جاجرم - سنخواست,37.061563,56.741146
3728819,جاده قديم آشخانه - بجنورد,323260,جاده قديم آشخانه - بجنورد,37.47556,57.2425
3728820,کمربندی بجنورد (غرب به شرق),323261,کمربندی بجنورد (غرب به شرق),37.51782,57.34333
3728821,شوقان - بجنورد,323269,شوقان - بجنورد,37.40905,57.28233
3728822,راز - پيش قلعه,323276,راز - پيش قلعه,37.93065,56.92443
3728823,چمن بيد - جنگل گلستان (رباط قره بيل),323302,چمن بيد - جنگل گلستان (رباط قره بيل),37.3522,56.3162
3728824,آشخانه - چمن بيد (چمن بيد),323304,آشخانه - چمن بيد,37.427246,56.566367
3728825,آشخانه - رازجرگلان,323305,آشخانه - رازجرگلان,37.600024,56.986447
3728824,آشخانه - چمن بيد (چمن بيد),323307,آشخانه - چمن بيد,37.427246,56.566367
3728827,آشخانه - شهر آباد,323308,آشخانه - شهر آباد,37.58643,56.90884
3728828,چمن بيد - جنگل گلستان (چشمه خان),323309,چمن بيد - جنگل گلستان (چشمه خان),37.30007,56.10169
3728829,جنگل گلستان - چمن بيد (رباط قره بيل),323352,جنگل گلستان - چمن بيد (رباط قره بيل),37.3522,56.3162
3728830,چمن بيد - آشخانه (چمن بيد),323354,چمن بيد - آشخانه,37.427246,56.566367
3728831,رازجرگلان - آشخانه,323355,رازجرگلان - آشخانه,37.600024,56.986447
3728832,چمن بيد - آشخانه (آشخانه),323357,چمن بيد - آشخانه (آشخانه),37.5283,56.8936
3728833,شهر آباد - آشخانه,323358,شهر آباد - آشخانه,37.58643,56.90884
3728834,جنگل گلستان - چمن بيد (چشمه خان),323359,جنگل گلستان - چمن بيد (چشمه خان),37.30007,56.10169
3728835,صفي آباد -گراتي,323402,صفي آباد -گراتي,36.86363,57.53805
3728836,گراتي - صفي آباد,323452,گراتي - صفي آباد,36.86363,57.53805
3728837,فاروج - قوچان (فاروج),323501,فاروج - قوچان (فاروج),37.1932,58.2716
3728838,شيروان - فاروج,323502,شيروان - فاروج,37.3013,58.1479
3728839,قوچان - فاروج (فاروج),323551,قوچان - فاروج (فاروج),37.1932,58.2716
3728840,فاروج - شيروان,323552,فاروج - شيروان,37.3013,58.1479
3728841,سرايان - بيرجند (سرايان),333101,سرايان - بيرجند,33.8327111,58.5262083
3728842,ديهوک - عرب آباد,333108,ديهوک - عرب آباد,33.2475,57.5638
3729235,ديهوک - راور (راور),333110,ديهوک - راور,31.2831536,56.777542
3728844,سه‌راهي ديهوک - بيرجند (عرب‌آباد),333111,سه‌راهي ديهوک - بيرجند (عرب‌آباد),33.027583,57.683444
3728845,ديهوک - فردوس (ديهوک),333112,ديهوک - فردوس,33.2995,57.5182
3728846,بيرجند - سرايان (سرايان),333151,بيرجند - سرايان,33.8327111,58.5262083
3728847,عرب آباد - ديهوک,333158,عرب آباد - ديهوک,33.2475,57.5638
3728848,راور - ديهوک (زنوغان),333160,راور - ديهوک (زنوغان),32.9691,57.6631
3728849,بيرجند - سه‌راهي ديهوک (عرب‌آباد),333161,بيرجند - سه‌راهي ديهوک (عرب‌آباد),33.027583,57.683444
3728850,فردوس - ديهوک (ديهوک),333162,فردوس - ديهوک,33.2995,57.5182
3728851,نهبندان - زابل (نهبندان),333201,نهبندان - زابل (نهبندان),31.548399,60.091297
3728852,طبس - ده محمد,333215,طبس - ده محمد,33.715891,56.873754
3728853,بشرويه - ده محمد,333216,بشرويه - ده محمد,33.917526,57.39432
3728854,ده محمد - بردسکن,333217,ده محمد - بردسکن,34.077638,56.96341
3728855,فردوس - سرايان,333218,فردوس - سرايان,33.961536,58.20625
3728856,نهبندان - شهداد,333221,نهبندان - شهداد,31.5230556,59.9819444
3728857,بيرجند - منصورآباد,333222,بيرجند - منصورآباد,32.921388,59.370833
3728858,بشرويه - سه راهي شهيد زارع,333223,بشرويه - سه راهي شهيد زارع,33.83111,57.43916
3728859,اسديه - گزيک (مرز),333224,اسديه - گزيک (مرز),32.93361,60.03416
9000211,,333225,بيرجند - سه قلعه (سرايان),33.1552297,59.0430164
3728862,بيرجند - خوسف (کمربندي غربي),333226,بيرجند - خوسف (کمربندي غربي),32.881129,59.175974
3728860,خوسف - سربيشه,333227,خوسف - سربيشه,32.7605,58.89166
9000212,,333228,بيرجند - منصورآباد (منطقه ویژه),32.921388,59.370833
9000213,,333229,خوسف - سربيشه (ماژان),32.7605,58.89166
3728861,بيرجند - قاين (بيرجند),333230,بيرجند - قاين (بيرجند),32.91387,59.275777
3728862,بيرجند - خوسف (کمربندي غربي),333232,بيرجند - خوسف (کمربندي غربي),32.881129,59.175974
3728863,زابل - نهبندان (نهبندان),333251,زابل - نهبندان (نهبندان),31.548399,60.091297
3728864,ده محمد - طبس,333265,ده محمد - طبس,33.715891,56.873754
3728865,ده محمد - بشرويه,333266,ده محمد - بشرويه,33.917526,57.39432
3728866,بردسکن - ده محمد,333267,بردسکن - ده محمد,34.077638,56.96341
3728867,سرايان - فردوس,333268,سرايان - فردوس,33.961536,58.20625
3728868,شهداد - نهبندان,333271,شهداد - نهبندان,31.5230556,59.9819444
3728869,منصورآباد - بيرجند,333272,منصورآباد - بيرجند,32.921388,59.370833
3728870,سه راهي شهيد زارع - بشرويه,333273,سه راهي شهيد زارع - بشرويه,33.83111,57.43916
3728871,گزيک (مرز) - اسديه,333274,گزيک (مرز) - اسديه,32.93361,60.03416
9000214,,333275,سه قلعه (سرايان) - بيرجند,33.1552297,59.0430164
3728874,خوسف - بيرجند (کمربندي غربي),333276,خوسف - بيرجند (کمربندي غربي),32.881129,59.175974
3728872,سربيشه - خوسف,333277,سربيشه - خوسف,32.7605,58.89166
9000215,,333278,منصورآباد - بيرجند (منطقه ویژه),32.921388,59.370833
9000216,,333279,سربيشه - خوسف (ماژان),32.7605,58.89166
3728873,قاين - بيرجند (بيرجند) (متناظر توزين),333280,قاين - بيرجند (بيرجند) (متناظر توزين),32.91387,59.275777
3728874,خوسف - بيرجند (کمربندي غربي),333282,خوسف - بيرجند (کمربندي غربي),32.881129,59.175974
3728875,سربيشه - درح (پايانه مرزي ماهي رود),333301,سربيشه - درح (پايانه مرزي ماهي رود),32.578,59.8244
3728876,سربيشه - درميان,333302,سربيشه - درميان,32.65722,59.7522
3728877,شوسف - سربيشه,333312,شوسف - سربيشه,31.8344,60.01583
3728878,درح (پايانه مرزي ماهي آباد) - سربيشه,333351,درح (پايانه مرزي ماهي آباد) - سربيشه,32.578,59.8244
3728879,درميان - سربيشه,333352,درميان - سربيشه,32.65722,59.7522
3728880,سربيشه - شوسف,333362,سربيشه - شوسف,31.8344,60.01583
3728881,قائن - گناباد (خضري - گناباد),333401,قائن - گناباد (خضري - گناباد),34.0333833,58.8279167
3728882,قائن - مرز يزدان (حاجي‌آباد),333403,قائن - مرز يزدان (حاجي‌آباد),33.62325,60.0827778
3728883,قائن - خواف (فرخي),333404,قائن - خواف (فرخي),34.011009,59.747623
3728884,قاين - حاجي آباد,333408,قاين - حاجي آباد,33.75253,59.352052
3728885,گناباد - قائن (گناباد - خضري),333451,گناباد - قائن (گناباد - خضري),34.0333833,58.8279167
3728886,مرز يزدان - قائن (حاجي‌آباد),333453,مرز يزدان - قائن (حاجي‌آباد),33.62325,60.0827778
3728887,خواف - قائن (فرخي),333454,خواف - قائن (فرخي),34.011009,59.747623
3728888,حاجي آباد - قاين,333458,حاجي آباد - قاين,33.75253,59.352052
3728889,بيرجند - عرب‌آباد (خوسف),333501,بيرجند - عرب‌آباد (خوسف),32.8794,59.045833
3728890,بيرجند - سربيشه (بيرجند - مود),333502,بيرجند - سربيشه (بيرجند - مود),32.79583,59.3725
3728891,بيرجند - آرين شهر,333503,بيرجند - آرين شهر,32.93527,59.28861
3728892,بيرجند - اسديه,333504,بيرجند - اسديه,33.0500759,59.6521122
3728893,بيرجند - سربيشه (مود - سربيشه),333512,بيرجند - سربيشه (مود - سربيشه),32.6866,59.59416
3728894,عرب‌آباد - بيرجند (خوسف),333551,عرب‌آباد - بيرجند (خوسف),32.8794,59.045833
3728895,سربيشه - بيرجند (مود - بيرجند),333552,سربيشه - بيرجند (مود - بيرجند),32.79583,59.3725
3728896,آرين شهر - بيرجند,333553,آرين شهر - بيرجند,32.93527,59.28861
3728897,اسديه - بيرجند,333554,اسديه - بيرجند,33.0500759,59.6521122
3728898,سربيشه - بيرجند (سربيشه - مود),333562,سربيشه - بيرجند (سربيشه - مود),32.6866,59.59416
3728899,طبس - ديهوک,333901,طبس - ديهوک,33.5231389,56.9585278
3728900,طبس - يزد (طبس),333902,طبس - يزد,33.434905,56.756859
3728901,طبس - خور (طبس),333903,طبس - خور (طبس),33.6897778,56.8398611
3728902,ديهوک - طبس,333951,ديهوک - طبس,33.5231389,56.9585278
3728903,يزد - طبس (طبس),333952,يزد - طبس,33.434905,56.756859
3728904,خور - طبس (طبس),333953,خور - طبس (طبس),33.6897778,56.8398611
3728905,فردوس - ديهوک (فردوس),334701,فردوس - ديهوک (فردوس),33.978452,58.112919
3728761,فردوس - بجستان (بجستان),334702,فردوس - بجستان,34.492059,58.193207
3728776,فردوس - گناباد (گناباد),334703,فردوس - گناباد ,34.23044,58.5952
3728908,ديهوک - فردوس (فردوس),334751,ديهوک - فردوس (فردوس),33.978452,58.112919
3728762,بجستان - فردوس (بجستان),334752,بجستان - فردوس,34.492059,58.193207
3728771,گناباد - فردوس (گناباد),334753,گناباد - فردوس,34.23044,58.5952
3728911,قائن - گناباد (قائن - خضري),334901,قائن - گناباد (قائن - خضري),33.89527,58.92833
3728912,آرين شهر - قائن,334902,آرين شهر - قائن,33.3444,59.22527
3728913,گناباد - قائن (خضري - قائن),334951,گناباد - قائن (خضري - قائن),33.89527,58.92833
3728914,قائن - آرين شهر,334952,قائن - آرين شهر,33.3444,59.22527
3728915,نهبندان - شوسف,335603,نهبندان - شوسف,31.66472,60.05555
3728916,نهبندان - زاهدان (نهبندان - سفيدآبه),335604,نهبندان - زاهدان (نهبندان - سفيدآبه),31.52441,60.05638
3728917,شوسف - نهبندان,335653,شوسف - نهبندان,31.66472,60.05555
3728918,زاهدان - نهبندان (سفيد آبه - نهبندان),335654,زاهدان - نهبندان (سفيد آبه - نهبندان),31.52441,60.05638
3728919,مسجدسليمان - شوشتر (مسجدسليمان - سه‌راهي گاو سوار),362113,مسجدسليمان - شوشتر (مسجدسليمان - سه‌راهي گاو سوار),31.98859,49.08734
3728920,شوشتر - مسجدسليمان (سه‌راهي گاو سوار - مسجدسليمان),362163,شوشتر - مسجدسليمان (سه‌راهي گاو سوار - مسجدسليمان),31.98859,49.08734
3728921,خروجي شرق اهواز,363101,خروجي شرق اهواز,31.2768,48.84
3728922,اهواز - آبادان (اهواز - دارخوين),363102,اهواز - آبادان,30.7463,48.434
9000217,,363103,اهواز - شوش (اهواز - کمربندي شمالي اهواز),31.4247082,48.6593699
3728923,اهواز - ملاثاني,363104,اهواز - ملاثاني,31.5125,48.8783
3728924,اهواز - بندر امام(جاده قديم),363105,اهواز - بندر امام(جاده قديم),31.129318,49.307543
3728925,حميديه - سوسنگرد,363106,حميديه - سوسنگرد,31.47713,48.44692
3728926,رامهرمز - اهواز(رامهرمز),363107,رامهرمز - اهواز(رامهرمز),31.2647,49.4314
3728927,اهواز - خرمشهر,363113,اهواز - خرمشهر,31.1308597,48.3057969
3728928,شوشتر - ملاثاني,363114,شوشتر - ملاثاني,32.00315,48.84696
9000218,,363128,کمربندي شرق اهواز ( به سمت شمال),31.3367405,48.8035655
3728929,ورودي شرق اهواز (متناظر توزين),363151,ورودي شرق اهواز (متناظر توزين),31.2768,48.84
3728930,آبادان - اهواز (دارخوين - اهواز),363152,آبادان - اهواز,30.7463,48.434
9000219,,363153,شوش - اهواز (کمربندي شمالي اهواز - اهواز),31.4247082,48.6593699
3728931,ملاثاني - اهواز,363154,ملاثاني - اهواز,31.5125,48.8783
3728932,بندر امام - اهواز(جاده قديم),363155,بندر امام - اهواز(جاده قديم),31.129318,49.307543
3728933,سوسنگرد - حميديه,363156,سوسنگرد - حميديه,31.47713,48.44692
3728934,اهواز - رامهرمز(رامهرمز),363157,اهواز - رامهرمز(رامهرمز),31.2647,49.4314
3728935,خرمشهر - اهواز,363163,خرمشهر - اهواز,31.1308597,48.3057969
3728936,ملاثاني - شوشتر,363164,ملاثاني - شوشتر,32.00315,48.84696
3728937,آبادان - اهواز (آبادان - دارخوين),363201,آبادان - اهواز (آبادان - دارخوين),30.427778,48.299722
9000220,,363202,بندر امام خميني - آبادان (سربندر),30.5798492,49.0104389
3728938,اهواز - شوش (الوان - شوش),363203,اهواز - شوش,31.99437,48.2987
3728939,اهواز - حميديه,363204,اهواز - حميديه,31.41536,48.5249
3728940,اهواز - اميديه (سه راهي سرانجام),363206,اهواز - اميديه (سه راهي سرانجام),30.9754373,49.5081869
3728941,اهواز - خرمشهر (جاده امام صادق),363207,اهواز - خرمشهر (جاده امام صادق),30.48524,48.258576
3728942,کمربندي اهواز (غرب به شرق ),363208,کمربندي اهواز (غرب به شرق ),31.373005,48.788185
3728943,کمربندي جنوبي اهواز(جنوب به شرق),363228,کمربندي جنوبي اهواز(جنوب به شرق),31.26565,48.771612
3728944,اهواز - شوش (اهواز) (متناظر توزين),363229,اهواز - شوش (اهواز) (متناظر توزين),31.436154,48.624016
3728945,ملاثاني - مسجدسليمان,363230,ملاثاني - مسجدسليمان,31.654844,48.952518
3728946,آبادان - اروندکنار,363231,آبادان - اروندکنار,30.06152,48.46513
3728947,اهواز - کمربندي (دغاغله),363232,اهواز - کمربندي (دغاغله),31.39988,48.70606
3728948,اهواز - آبادان (دارخوين - آبادان),363251,اهواز - آبادان (دارخوين - آبادان),30.427778,48.299722
9000221,,363252,آبادان - بندر امام خميني (سربندر),30.5798492,49.0104389
3728955,شوش - اهواز (اهواز),363253,شوش - اهواز,31.469648,48.626769
3728950,حميديه - اهواز,363254,حميديه - اهواز,31.41536,48.5249
3728951,اميديه - اهواز(سه راهي سرانجام),363256,اميديه - اهواز(سه راهي سرانجام),30.9754373,49.5081869
3728952,خرمشهر - اهواز (جاده امام صادق),363257,خرمشهر - اهواز (جاده امام صادق),30.48524,48.258576
3728953,کمربندي اهواز( شرق به غرب ),363258,کمربندي اهواز( شرق به غرب ),31.373005,48.788185
3728954,کمربندي جنوبي اهواز(شرق به جنوب),363278,کمربندي جنوبي اهواز(شرق به جنوب),31.26565,48.771612
3728955,شوش - اهواز (اهواز),363279,شوش - اهواز (اهواز),31.469648,48.626769
3728956,مسجدسليمان - ملاثاني,363280,مسجدسليمان - ملاثاني,31.654844,48.952518
3728957,اروندکنار - آبادان,363281,اروندکنار - آبادان,30.06152,48.46513
3728958,کمربندي - اهواز (دغاغله),363282,کمربندي - اهواز (دغاغله),31.39988,48.70606
3728959,جاده قديم انديمشک - پل زال,363301,جاده قديم انديمشک - پل زال,32.7616,48.2332
3728960,انديمشک - شوش,363302,انديمشک - شوش,32.40119,48.25897
3728961,آزادراه انديمشک - پل زال,363304,آزادراه انديمشک - پل زال,32.596212,48.284412
3728962,انديمشک - دهلران (سه‌راهي دهلران - دشت عباس),363305,انديمشک - دهلران (سه‌راهي دهلران - دشت عباس),32.38313,48.1188
3728963,انديمشک - خرم‌آباد (انديمشک),363313,انديمشک - خرم‌آباد (انديمشک),32.5462,48.3054
3728964,کمربندي انديمشک - دزفول (غرب به شرق),363314,کمربندي انديمشک - دزفول (غرب به شرق),32.415404,48.434035
3728965,جاده قديم پل زال - انديمشک,363351,جاده قديم پل زال - انديمشک,32.7616,48.2332
3728966,شوش - انديمشک,363352,شوش - انديمشک,32.40119,48.25897
3728967,آزادراه پل زال - انديمشک,363354,آزادراه پل زال - انديمشک,32.596212,48.284412
3728968,دهلران - انديمشک (دشت عباس - سه‌راهي دهلران),363355,دهلران - انديمشک (دشت عباس - سه‌راهي دهلران),32.38313,48.1188
3728969,خرم‌آباد - انديمشک (انديمشک) (متناظر توزين),363363,خرم‌آباد - انديمشک (انديمشک) (متناظر توزين),32.5462,48.3054
3728964,کمربندي انديمشک - دزفول (غرب به شرق),363364,کمربندي انديمشک - دزفول (غرب به شرق),32.415404,48.434035
3728971,دهدز - لردگان (دهدز),363401,دهدز - لردگان (دهدز),31.689338,50.313006
3728972,ايذه - دهدز,363402,ايذه - دهدز,31.8522,49.9381
3728973,لردگان - دهدز (دهدز),363451,لردگان - دهدز (دهدز),31.689338,50.313006
3728974,دهدز - ايذه,363452,دهدز - ايذه,31.8522,49.9381
3728975,باغملک - ايذه,363501,باغملک - ايذه,31.56439,49.88377
3728976,ايذه - باغملک,363551,ايذه - باغملک,31.56439,49.88377
3728977,بندر امام خميني - آبادان (خوردورق),363601,بندر امام خميني - آبادان (خوردورق),30.37907,48.289728
3728981,ماهشهر - هنديجان (ماهشهر),363602,ماهشهر - هنديجان,30.5507,49.2807
3730963,ماهشهر - بندرامام,363603,ماهشهر - بندرامام,30.54365,49.155761
3730961,آزادراه بندر امام خميني - اهواز,363604,آزادراه بندر امام خميني - اهواز,31.266944,48.795
3730964,ماهشهر - اميديه,363605,ماهشهر - اميديه,30.7544,49.6582
3728981,ماهشهر - هنديجان (ماهشهر),363606,ماهشهر - هنديجان (ماهشهر),30.5507,49.2807
3728982,هنديجان - ديلم,363607,هنديجان - ديلم,30.2195,49.7589
3728983,هنديجان - ديلم (خروجي استان),363627,هنديجان - ديلم (خروجي استان),30.19075,50.111178
3728984,آزادراه بندرامام - اهواز (خروجي بندرامام),363628,آزادراه بندرامام - اهواز (خروجي بندرامام),30.595755,49.078375
3728985,آبادان - بندر امام خميني (خوردورق),363651,آبادان - بندر امام خميني (خوردورق),30.37907,48.289728
3728989,هنديجان - ماهشهر (ماهشهر),363652,هنديجان - ماهشهر,30.5507,49.2807
3728986,بندر امام - ماهشهر,363653,بندر امام - ماهشهر,30.54365,49.155761
3730962,آزادراه اهواز - بندر امام خميني,363654,آزادراه اهواز - بندر امام خميني,31.266944,48.795
3730965,اميديه - ماهشهر,363655,اميديه - ماهشهر,30.7544,49.6582
3728981,ماهشهر - هنديجان (ماهشهر),363656,ماهشهر - هنديجان,30.5507,49.2807
3728990,ديلم - هنديجان,363657,ديلم - هنديجان,30.2195,49.7589
3728991,ديلم - هنديجان (خروجي استان),363677,ديلم - هنديجان (خروجي استان),30.19075,50.111178
3728992,آزادراه اهواز - بندرامام (خروجي بندرامام),363678,آزادراه اهواز - بندرامام (خروجي بندرامام),30.595755,49.078375
3728993,بهبهان - گچساران (بهبهان - خيرآباد),363701,بهبهان - گچساران (بهبهان - خيرآباد),30.57915,50.32548
3728994,بهبهان - ديلم (خروجي خوزستان),363702,بهبهان - ديلم (خروجي خوزستان),30.299624,50.194253
3728995,بهبهان - سه راهي آغاجاري,363703,بهبهان - سه راهي آغاجاري,30.644248,50.206445
3728996,گچساران - بهبهان (خيرآباد - بهبهان),363751,گچساران - بهبهان (خيرآباد - بهبهان),30.57915,50.32548
3728997,ديلم - بهبهان (ورودي خوزستان),363752,ديلم - بهبهان (ورودي خوزستان),30.299624,50.194253
3728998,سه راهي آغاجاري - بهبهان,363753,سه راهي آغاجاري - بهبهان,30.644248,50.206445
3728999,خرمشهر - شلمچه (پايانه مرزي),363801,خرمشهر - شلمچه (پايانه مرزي ),30.470085,48.122202
9000222,,363802,خرمشهر - شلمچه (جاده امام رضا),30.4555918,48.1511557
3729000,خرمشهر - آبادان,363803,خرمشهر - آبادان,30.405773,48.201355
3729001,شلمچه - خرمشهر (پايانه مرزي),363851,شلمچه - خرمشهر (پايانه مرزي),30.470085,48.122202
9000223,,363852,شلمچه - خرمشهر (جاده امام رضا),30.4555918,48.1511557
3729002,آبادان - خرمشهر,363853,آبادان - خرمشهر,30.405773,48.201355
3729003,دارخوين - شادگان,364101,دارخوين - شادگان,30.720418,48.466098
3729004,شادگان - سربندر,364102,شادگان - سربندر,30.650203,48.697837
3729005,شادگان - دارخوين,364151,شادگان - دارخوين,30.720418,48.466098
3729006,سربندر - شادگان,364152,سربندر - شادگان,30.650203,48.697837
3729007,شوش - دزفول,364201,شوش - دزفول,32.245271,48.354017
3729008,الوان - بستان,364202,الوان - بستان,31.865039,48.346509
3729009,شوش - چنانه (خروجي استان),364203,شوش - چنانه (خروجي استان),32.226906,48.055831
3729010,دزفول - شوش,364251,دزفول - شوش,32.245271,48.354017
3729011,بستان - الوان,364252,بستان - الوان,31.865039,48.346509
3729012,چنانه - شوش (خروجي استان),364253,چنانه - شوش (خروجي استان),32.226906,48.055831
3729013,چزابه - بستان (پايانه مرزي ),364301,چزابه - بستان (پايانه مرزي ),31.755411,47.974461
3729014,سوسنگرد - بستان,364302,سوسنگرد - بستان,31.591018,48.125349
3729015,سوسنگرد - هويزه,364303,سوسنگرد - هويزه,31.476472,48.090836
3729016,بستان - چزابه (پايانه مرزي ),364351,بستان - چزابه (پايانه مرزي ),31.755411,47.974461
3729017,بستان - سوسنگرد,364352,بستان - سوسنگرد,31.591018,48.125349
3729018,هويزه - سوسنگرد,364353,هويزه - سوسنگرد,31.476472,48.090836
3729019,هفتگل - باغملک,364401,هفتگل - باغملک,31.518858,49.828545
3729020,رامهرمز - سه راهي آغاجاري,364402,رامهرمز - سه راهي آغاجاري,31.05243,49.69972
3729021,هفتگل - اهواز(هفتگل),364403,هفتگل - اهواز(هفتگل),31.444643,49.423013
3729022,رامهرمز - باغملک,364404,رامهرمز - باغملک,31.3744,49.6839
3729023,ماهشهر - رامشير(سه راه سرانجام),364405,ماهشهر - رامشير(سه راه سرانجام),30.910328,49.425983
3729024,رامشير - ماهشهر,364406,رامشير - ماهشهر,30.814482,49.366283
3729025,باغملک - هفتگل,364451,باغملک - هفتگل,31.518858,49.828545
3729026,سه راهي آغاجاري - رامهرمز,364452,سه راهي آغاجاري - رامهرمز,31.05243,49.69972
3729027,اهواز - هفتگل(هفتگل),364453,اهواز - هفتگل(هفتگل),31.444643,49.423013
3729028,باغملک - رامهرمز,364454,باغملک - رامهرمز,31.3744,49.6839
3729029,رامشير (سه راه سرانجام) - ماهشهر,364455,رامشير (سه راه سرانجام) - ماهشهر,30.910328,49.425983
3729030,ماهشهر - رامشير,364456,ماهشهر - رامشير,30.814482,49.366283
3729031,شوشتر - دزفول,364501,شوشتر - دزفول,32.0776,48.7748
3729032,گتوند - سه راه گتوند,364502,گتوند - سه راه گتوند,32.13839,48.75267
3729033,کمربندي شوشتر - اهواز (پل کابلي شوشتر),364503,کمربندي شوشتر - اهواز (پل کابلي شوشتر),32.027375,48.832727
3729034,شوشتر - دزفول (دزفول),364508,شوشتر - دزفول (دزفول),32.158554,48.743922
3729035,شوشتر - گتوند,364509,شوشتر - گتوند,32.077508,48.842892
3729036,شوشتر - هفتگل,364510,شوشتر - هفتگل,31.791684,49.091554
3729037,دزفول - شوشتر,364551,دزفول - شوشتر,32.0776,48.7748
3729038,سه راه گتوند - گتوند,364552,سه راه گتوند - گتوند,32.13839,48.75267
3729039,اهواز - کمربندي شوشتر (پل کابلي شوشتر),364553,اهواز - کمربندي شوشتر (پل کابلي شوشتر),32.027375,48.832727
3729040,دزفول - شوشتر (دزفول),364558,دزفول - شوشتر (دزفول),32.158554,48.743922
3729041,گتوند - شوشتر,364559,گتوند - شوشتر,32.077508,48.842892
3729042,هفتگل - شوشتر,364560,هفتگل - شوشتر,31.791684,49.091554
3729043,مسجدسليمان - شهرکرد,364601,مسجدسليمان - شهرکرد,32.15625,49.48894
3729044,مسجدسليمان - شوشتر (سه‌راهي گاو سوار - شوشتر),364602,مسجدسليمان - شوشتر (سه‌راهي گاو سوار - شوشتر),31.987787,48.99729
3729045,سه راهي لالي - لالي (پل کابلي),364603,سه راهي لالي - لالي (پل کابلي),32.065566,49.171814
3729046,انديکا - لالي (چشمه بي ترخون),364606,انديکا - لالي (چشمه بي ترخون),32.29857,49.32934
3729047,لالي - دزفول (گچ گرسا - سالند),364607,لالي - دزفول (گچ گرسا - سالند),32.43557,48.97608
3729048,ايذه - مسجد سليمان (چم ريحان),364608,ايذه - مسجد سليمان (چم ريحان),31.95048,49.58821
3729049,مسجد سليمان - هفتکل (گلگير),364609,مسجد سليمان - هفتکل (گلگير),31.718951,49.416136
3729050,شهرکرد - مسجدسليمان,364651,شهرکرد - مسجدسليمان,32.15625,49.48894
3729051,شوشتر - مسجدسليمان (شوشتر - سه‌راهي گاو سوار),364652,شوشتر - مسجدسليمان (شوشتر - سه‌راهي گاو سوار),31.987787,48.99729
3729052,لالي - سه راهي لالي (پل کابلي),364653,لالي - سه راهي لالي (پل کابلي),32.065566,49.171814
3729053,لالي - انديکا (چشمه بي ترخون),364656,لالي - انديکا (چشمه بي ترخون),32.29857,49.32934
3729054,دزفول - لالي (گچ گرسا - سالند),364657,دزفول - لالي (گچ گرسا - سالند),32.43557,48.97608
3729055,مسجد سليمان - ايذه (چم ريحان),364658,مسجد سليمان - ايذه (چم ريحان),31.95048,49.58821
3729056,هفتکل - مسجد سليمان (گلگير),364659,هفتکل - مسجد سليمان (گلگير),31.718951,49.416136
3729057,اميديه - آغاجاري,364701,اميديه - آغاجاري,30.7189,49.7371
3729058,اميديه - ديلم,364702,اميديه - ديلم,30.457364,49.913413
3729059,صيدون - ديشموک (مرز استان),364703,صيدون - ديشموک (مرز استان),31.30834,50.16462
3729060,آغاجاري - اميديه,364751,آغاجاري - اميديه,30.7189,49.7371
3729061,ديلم اميديه,364752,ديلم اميديه,30.457364,49.913413
3729062,ديشموک - صيدون (مرز استان),364753,ديشموک - صيدون (مرز استان),31.30834,50.16462
3729063,سورمق - ابرکوه (مرز استان),410247,سورمق - ابرکوه (مرز استان),31.022531,52.862804
3729064,ابرکوه - سورمق (مرز استان),410297,ابرکوه - سورمق (مرز استان),31.022531,52.862804
3729065,سه راهي سياخ دارنگون - کوار,413101,سه راهي سياخ دارنگون - کوار,29.608068,52.376652
3729066,شيراز - سپيدان (شيراز - سه‌راهي قلات),413102,شيراز - سپيدان (شيراز - سه‌راهي قلات),29.837849,52.377898
3729067,شيراز - کازرون (شيراز - خان زنيان),413104,شيراز - کازرون (شيراز - خان زنيان),29.6189,52.29775
3729068,شيراز - کوار (شيراز - سه‌راهي کوار),413106,شيراز - کوار,29.406379,52.674522
3729069,محور قديم جم - فيروزآباد (فيروزآباد),413107,محور قديم جم - فيروزآباد (فيروزآباد),28.842994,52.530225
3729070,شيراز - خرامه,413108,شيراز - خرامه,29.602289,52.735051
3729071,دشت ارژن - قائميه,413109,دشت ارژن - قائميه,29.760286,51.705631
3729072,کوار - شيراز (کوار - سه‌راهي کوار),413111,کوار - شيراز (کوار - سه‌راهي کوار),29.278391,52.662469
3729073,کمربندي پل فسا شيراز (شمال - جنوب),413122,کمربندي پل فسا شيراز (شمال - جنوب),29.512405,52.578982
3729074,شيراز - سپيدان (سه‌راهي قلات - سپيدان),413123,شيراز - سپيدان (سه‌راهي قلات - سپيدان),29.880255,52.330511
3729075,شيراز - کازرون (خان زنيان - دشت ارژن),413124,شيراز - کازرون (خان زنيان - دشت ارژن),29.664055,52.129139
3729076,کوار - سه راهي سياخ دارنگون,413151,کوار - سه راهي سياخ دارنگون,29.608068,52.376652
3729077,سپيدان - شيراز (سه‌راهي قلات - سپيدان),413152,سپيدان - شيراز (سه‌راهي قلات - سپيدان),29.837849,52.377898
3729078,کازرون - شيراز (خان زنيان - شيراز),413154,کازرون - شيراز (خان زنيان - شيراز),29.6189,52.29775
3729079,کوار - شيراز (سه‌راهي کوار - شيراز),413156,کوار - شيراز (سه‌راهي کوار - شيراز),29.406379,52.674522
3729080,محور قديم فيروزآباد - جم (فيروزآباد),413157,محور قديم فيروزآباد - جم (فيروزآباد),28.842994,52.530225
3729081,خرامه - شيراز,413158,خرامه - شيراز,29.602289,52.735051
3729082,قائميه - دشت ارژن,413159,قائميه - دشت ارژن,29.760286,51.705631
3729083,شيراز - کوار (سه‌راهي کوار - کوار),413161,شيراز - کوار (سه‌راهي کوار - کوار),29.278391,52.662469
3729073,کمربندي پل فسا شيراز (شمال - جنوب),413172,کمربندي پل فسا - شيراز,29.512405,52.578982
3729085,سپيدان - شيراز (سپيدان - سه‌راهي قلات),413173,سپيدان - شيراز (سپيدان - سه‌راهي قلات),29.880255,52.330511
3729086,کازرون - شيراز (دشت ارژن - خان زنيان),413174,کازرون - شيراز (دشت ارژن - خان زنيان),29.664055,52.129139
3729087,آباده - ايزدخواست,413202,آباده - ايزدخواست,31.37854,52.41782
3729088,سروستان - فسا (سروستان - سه‌راهي فسا),413217,سروستان - فسا (سروستان - سه‌راهي فسا),29.133374,53.479616
3729089,سروستان-خاوران,413220,سروستان-خاوران,29.216313,53.273217
3729090,دو راهي سورمق - اقليد,413221,دو راهي سورمق - اقليد,30.987385,52.771298
3729091,شيراز - کازرون,413222,شيراز - کازرون,29.650637,51.971001
3729092,ايزدخواست - آباده,413252,ايزدخواست - آباده,31.37854,52.41782
3729093,فسا - سروستان (سه‌راهي فسا - سروستان),413267,فسا - سروستان (سه‌راهي فسا - سروستان),29.133374,53.479616
3729094,خاوران-سروستان,413270,خاوران-سروستان,29.216313,53.273217
3729095,اقليد - دو راهي سورمق,413271,اقليد - دو راهي سورمق,30.987385,52.771298
3729096,کازرون - شيراز,413272,کازرون - شيراز,29.650637,51.971001
3729097,آباده - سورمق,413301,آباده - سورمق,31.061982,52.78589
3729098,صفاشهر - بوانات,413302,صفاشهر - بوانات,30.631398,53.257953
3729099,صفاشهر - سورمق,413304,صفاشهر - سورمق,30.716619,53.182746
3729100,قادرآباد - خوانسار,413305,قادرآباد - خوانسار,29.99745,53.805442
3729101,سورمق - آباده,413351,سورمق - آباده,31.061982,52.78589
3729102,بوانات - صفاشهر,413352,بوانات - صفاشهر,30.631398,53.257953
3729103,سورمق - صفاشهر (متناظر توزين),413354,سورمق - صفاشهر (متناظر توزين),30.716619,53.182746
3729104,خوانسار - قادرآباد,413355,خوانسار - قادرآباد,29.99745,53.805442
9000224,,413401,بوانات - مروست,30.4066365,53.7394094
9000225,,413451,مروست - بوانات,30.4066365,53.7394094
3729105,استهبان - فسا (استهبان - سه‌راهي فسا),413502,استهبان - فسا (استهبان - سه‌راهي فسا),29.178157,53.75898
3729106,استهبان - نيريز,413503,استهبان - نيريز,29.124221,54.114315
3729107,فسا - استهبان (سه‌راهي فسا - استهبان),413552,فسا - استهبان (سه‌راهي فسا - استهبان),29.178157,53.75898
3729108,نيريز - استهبان,413553,نيريز - استهبان,29.124221,54.114315
3729109,اقليد - ياسوج(اقليد),413601,اقليد - ياسوج,30.892433,52.655199
3729109,اقليد - ياسوج(اقليد),413606,اقليد - ياسوج(اقليد),30.892433,52.655199
3729111,ياسوج - اقليد(اقليد),413651,ياسوج - اقليد,30.892433,52.655199
3729112,ياسوج - اقليد(دژکرد),413656,ياسوج - اقليد(دژکرد),30.642086,51.91124
3729113,سه‌راهي کوار - جهرم (سه‌راهي کوار - خفر),413701,سه‌راهي کوار - جهرم (سه‌راهي کوار - خفر),29.31387,52.69868
3729114,جهرم - سه‌راهي کوار (قطب‌آباد - خفر) (متناظر توزين),413702,جهرم - سه‌راهي کوار (قطب‌آباد - خفر),28.667567,53.593948
3729115,جهرم-قير,413715,جهرم-قير,28.480894,53.509832
3729116,جهرم - سه‌راهي کوار (خفر - سه‌راهي کوار),413751,جهرم - سه‌راهي کوار (خفر - سه‌راهي کوار),29.31387,52.69868
3729117,سه‌راهي کوار - جهرم (خفر - قطب‌آباد),413752,سه‌راهي کوار - جهرم (خفر - قطب‌آباد),28.667567,53.593948
3729118,قير-جهرم,413765,قير-جهرم,28.480894,53.509832
3729119,داراب - بندر عباس,413801,داراب - بندر عباس,28.63404,54.7061
3729120,بندر عباس - داراب,413851,بندر عباس - داراب,28.63404,54.7061
3729121,سپيدان - ياسوج (سپيدان),413901,سپيدان - ياسوج,30.34373,51.827917
3729122,ياسوج - سپيدان (سپيدان),413951,ياسوج - سپيدان,30.34373,51.827917
3729123,داراب - زرين دشت,414101,داراب - زرين دشت,28.672874,54.330314
3729124,شيراز - سروستان,414102,شيراز - سروستان,29.450405,52.701162
3729125,فسا - داراب,414108,فسا - داراب,28.876148,53.871781
3729126,چاه کبکان - بندر شيرينو (مرز استان),414112,چاه کبکان - بندر شيرينو (مرز استان),27.70379,52.6071799
3729127,فارياب - عسلويه (مرز استان),414113,فارياب - عسلويه (مرز استان),27.466016,52.901803
3729128,آزاد راه شيراز - اصفهان (مرودشت),414114,آزاد راه شيراز - اصفهان (مرودشت),30.118637,52.306227
3729129,خان زنيان - قلات,414115,خان زنيان - قلات,29.67649,52.16821
3729130,زرين دشت - داراب,414151,زرين دشت - داراب,28.672874,54.330314
3729131,سروستان - شيراز,414152,سروستان - شيراز,29.450405,52.701162
3729132,داراب - فسا,414158,داراب - فسا,28.876148,53.871781
3729133,بندر شيرينو - چاه کبکان (مرز استان),414162,بندر شيرينو - چاه کبکان (مرز استان),27.70379,52.6071799
3729134,عسلويه - فارياب (مرز استان),414163,عسلويه - فارياب (مرز استان),27.466016,52.901803
3729135,آزاد راه اصفهان - شيراز (مرودشت),414164,آزاد راه اصفهان - شيراز (مرودشت),30.118637,52.306227
3729136,قلات - خان زنيان,414165,قلات - خان زنيان,29.67649,52.16821
3729137,کمربندي اکبرآباد شيراز (جنوب - شمال),414201,کمربندي اکبرآباد شيراز (جنوب - شمال),29.67883,52.533968
3729138,ارسنجان - سعادتشهر,414202,ارسنجان - سعادتشهر,29.948318,53.250374
3729139,کمربندي اکبرآباد شيراز (شمال - جنوب),414251,کمربندي اکبرآباد شيراز (شمال - جنوب),29.67883,52.533968
3729140,سعادتشهر - ارسنجان,414252,سعادتشهر - ارسنجان,29.948318,53.250374
3729141,فيروزآباد - کوار (سه‌راهي ميمند - کوار),414302,فيروزآباد - کوار (سه‌راهي ميمند - کوار),29.10358,52.645773
3729142,فيروزآباد - فراشبند,414307,فيروزآباد - فراشبند,28.86727,52.418189
3729143,فيروز آباد - قير,414308,فيروز آباد - قير,28.816497,52.60792
3729144,سه راهي ميمند - جهرم,414309,سه راهي ميمند - جهرم,28.808525,52.811725
3729145,فيروزآباد -جم (محور جديد ),414310,فيروزآباد -جم (محور جديد ),28.826306,52.460231
3729146,فراشبند - بوشکان,414311,فراشبند - بوشکان,28.88215,52.067614
3729147,کوار - فيروزآباد (کوار - سه‌راهي ميمند),414352,کوار - فيروزآباد (کوار - سه‌راهي ميمند),29.10358,52.645773
3729148,فراشبند - فيروزآباد,414357,فراشبند - فيروزآباد,28.86727,52.418189
3729149,قير - فيروز آباد,414358,قير - فيروز آباد,28.816497,52.60792
3729150,جهرم - سه راهي ميمند,414359,جهرم - سه راهي ميمند,28.808525,52.811725
3729151,جم - فيروز آباد ( محور جديد ),414360,جم - فيروز آباد ( محور جديد ),28.826306,52.460231
3729152,بوشکان - فراشبند,414361,بوشکان - فراشبند,28.88215,52.067614
3729153,کازرون - برازجان (کازرون - کنارتخته),414402,کازرون - برازجان (کازرون - کنارتخته),29.644695,51.496497
3729154,کازرون - شيراز (کازرون - دشت ارژن),414403,کازرون - شيراز (کازرون - دشت ارژن),29.565083,51.746391
3729155,برازجان - کازرون (کنارتخته - کازرون),414452,برازجان - کازرون (کنارتخته - کازرون),29.644695,51.496497
3729156,شيراز - کازرون (دشت ارژن - کازرون),414453,شيراز - کازرون (دشت ارژن - کازرون),29.565083,51.746391
3729157,نيريز - سيرجان (نیریز),414501,نيريز - سيرجان,29.25132,54.48142
3729158,سيرجان - نيريز (نیریز),414551,سيرجان - نيريز,29.25132,54.48142
3729159,لار - بندر عباس,414601,لار - بندر عباس,27.68476,54.50455
3729160,لار - جهرم,414602,لار - جهرم,27.926197,54.385353
3729161,لار - بستک (لار),414603,لار - بستک,27.620848,54.341599
3729162,قير - خنج,414604,قير - خنج,28.348366,53.064253
3729163,لار - گراش,414605,لار - گراش,27.650659,54.255252
3729164,گراش - اوز,414606,گراش - اوز,27.734386,54.1229
3729165,لار - لامرد,414607,لار - لامرد,27.612298,53.571131
3729166,خنج-اوز,414608,خنج-اوز,27.831481,53.490218
3729167,لار - جهرم (متناظر توزين),414614,لار - جهرم (متناظر توزين),27.730724,54.320394
3729168,بندرعباس - لار,414651,بندرعباس - لار,27.68479,54.50455
3729169,جهرم - لار,414652,جهرم - لار,27.926197,54.385353
3729170,بستک - لار (لار),414653,بستک - لار,27.620848,54.341599
3729171,خنج - قير,414654,خنج - قير,28.348366,53.064253
3729172,گراش - لار,414655,گراش - لار,27.650659,54.255252
3729173,اوز - گراش,414656,اوز - گراش,27.734386,54.1229
3729174,لامرد - لار,414657,لامرد - لار,27.612298,53.571131
3729175,اوز-خنج,414658,اوز-خنج,27.831481,53.490218
3729176,لامرد - مهر,414701,لامرد - مهر,27.414813,52.985954
3729177,مهر - گله دار,414702,مهر - گله دار,27.63067,52.682045
3729178,گله دار - دارالميزان,414703,گله دار - دارالميزان,27.698654,52.6122
3729179,لامرد - بندر عباس,414704,لامرد - بندر عباس,27.313654,53.261218
3729180,لامرد - احشام,414705,لامرد - احشام,27.360262,53.201907
3729181,مهر - لامرد,414751,مهر - لامرد,27.414813,52.985954
3729182,گله دار - مهر,414752,گله دار - مهر,27.63067,52.682045
3729183,دارالميزان - گله دار,414753,دارالميزان - گله دار,27.698654,52.6122
3729184,بندرعباس - لامرد,414754,بندرعباس - لامرد,27.313654,53.261218
3729185,احشام - لامرد,414755,احشام - لامرد,27.360262,53.201907
3729186,جاده قديم سعادت شهر - مرودشت,414801,جاده قديم سعادت شهر - مرودشت,29.9635,52.8848
3729187,سعادتشهر - صفاشهر,414802,سعادتشهر - صفاشهر,30.082668,53.158685
3729188,مرودشت - شيراز (اکبرآباد - شيراز),414803,مرودشت - شيراز (اکبرآباد - شيراز),29.66797,52.55967
3729189,مرودشت - شيراز (رکن‌آباد - اکبرآباد),414804,مرودشت - شيراز (رکن‌آباد - اکبرآباد),29.680583,52.557365
3729190,مرودشت - شيراز (زرقان - رکن‌آباد),414805,مرودشت - شيراز (زرقان - رکن‌آباد),29.751053,52.666869
3729191,مرودشت - شيراز (دوراهي لپويي - زرقان),414806,مرودشت - شيراز (دوراهي لپويي - زرقان),29.773802,52.703887
3729192,مرودشت - شيراز (مرودشت - دو راهي لپويي),414807,مرودشت - شيراز (مرودشت - دو راهي لپويي),29.83716,52.75689
3729193,مرودشت - سعادت شهر,414819,مرودشت - سعادت شهر,30.01125,52.96822
3729194,جاده قديم مرودشت - سعادت شهر,414851,جاده قديم مرودشت - سعادت شهر,29.9635,52.8848
3729195,صفاشهر - سعادتشهر,414852,صفاشهر - سعادتشهر,30.082668,53.158685
3729196,شيراز - مرودشت (شيراز - اکبرآباد),414853,شيراز - مرودشت (شيراز - اکبرآباد),29.66797,52.55967
3729197,شيراز - مرودشت (اکبرآباد - رکن‌آباد),414854,شيراز - مرودشت (اکبرآباد - رکن‌آباد),29.680583,52.557365
3729198,شيراز - مرودشت (رکن‌آباد - زرقان),414855,شيراز - مرودشت (رکن‌آباد - زرقان),29.751053,52.666869
3729199,شيراز - مرودشت (زرقان - دوراهي لپويي),414856,شيراز - مرودشت (زرقان - دوراهي لپويي),29.773802,52.703887
3729200,شيراز - مرودشت (دو راهي لپويي - مرودشت),414857,شيراز - مرودشت (دو راهي لپويي - مرودشت),29.83716,52.75689
3729201,سعادت شهر - مرودشت,414869,سعادت شهر - مرودشت,30.01125,52.96822
3729202,نورآباد - گچساران (باباميدان - گچساران),414901,نورآباد - گچساران,30.327927,51.339346
3729203,نورآباد - قائميه (متناظر توزين),414902,نورآباد - قائميه (متناظر توزين),29.948583,51.595086
3729204,گچساران - نورآباد (گچساران - باباميدان),414951,گچساران - نورآباد,30.327927,51.339346
3729205,قائميه - نورآباد,414952,قائميه - نورآباد,29.948583,51.595086
3729244,چترود - کرمان,453101,چترود - کرمان,30.568796,56.943867
3729206,سه‌راهي راين - ماهان (ماهان),453102,سه‌راهي راين - ماهان (ماهان),30.007412,57.333799
3729207,کرمان - باغين (متناظر توزين),453103,کرمان - باغين (متناظر توزين),30.2026,56.8657
3729208,جوپار - کرمان,453104,جوپار - کرمان,30.1259263,57.0395014
3729209,چترود - زرند (چترود),453110,چترود - زرند,30.716254,56.70142
3729210,سه‌راهي راين - راين,453111,سه‌راهي راين - راين,29.7478333,57.5751944
3729211,جاده قديم ماهان - كرمان,453112,جاده قديم ماهان - كرمان,30.230231,57.229706
3729212,شهداد - نهبندان (شهداد),453113,شهداد - نهبندان (شهداد),30.4592167,57.7223142
3729213,کرمان - کوهپايه,453114,کرمان - کوهپايه,30.3705986,57.1344944
3729214,چترود - زرند (ده زيار),453115,چترود - زرند (ده زيار),30.625321,56.891486
3729234,کرمان - چترود,453151,کرمان - چترود,30.568796,56.943867
3729215,ماهان - سه‌راهي راين (ماهان),453152,ماهان - سه‌راهي راين (ماهان),30.0001,57.3403
3729216,باغين - کرمان,453153,باغين - کرمان,30.2026,56.8657
3729217,كرمان جوپار,453154,كرمان جوپار,30.1259263,57.0395014
3729220,جاده قديم کرمان - ماهان,453156,جاده قديم کرمان - ماهان,30.225655,57.231348
3729218,زرند - چترود (چترود),453160,زرند - چترود,30.727376,56.683111
3729219,راين - سه‌راهي راين,453161,راين - سه‌راهي راين,29.7478333,57.5751944
3729220,جاده قديم کرمان - ماهان,453162,جاده قديم کرمان - ماهان,30.225655,57.231348
3729221,نهبندان - شهداد (شهداد),453163,نهبندان - شهداد (شهداد),30.4592167,57.7223142
3729222,کوهپايه - کرمان,453164,کوهپايه - کرمان,30.3705986,57.1344944
3729223,زرند - چترود (ده زيار) (متناظر توزين),453165,زرند - چترود (ده زيار),30.62216,56.893072
3729224,راور - ديهوک (راور),453201,راور - ديهوک,31.2831536,56.777542
3729225,ماهان - بم (سه‌راهي راين - سه‌راهي جيرفت),453202,ماهان - بم (سه‌راهي راين - سه‌راهي جيرفت),29.7306,57.6053
3729226,کرمان - سيرچ,453203,کرمان - سيرچ,30.2046,57.4777
3729227,کرمان - ماهان (هفت باغ علوي),453204,کرمان - ماهان (هفت باغ علوي),30.2194,57.1167
3729228,سه راهي راين - کرمان(ماهان),453205,سه راهي راين - کرمان(ماهان),30.031336,57.288364
3729229,باغين - کمربندي کرمان (سرآسياب),453206,باغين - کمربندي کرمان (سرآسياب),30.528884,56.96084
3729230,کمربندي باغين - جوپار,453244,کمربندي باغين - جوپار,30.10233,57.00969
3729231,کرمان - اختيار آباد,453245,کرمان - اختيار آباد,30.31639,56.93944
3729232,کرمان - زنگي آباد,453246,کرمان - زنگي آباد,30.339564,56.968795
3729233,کرمان - هوتک (چترود),453247,کرمان - هوتک (چترود),30.448811,57.00735
3729234,کرمان - چترود,453249,کرمان - چترود,30.568796,56.943867
3729235,ديهوک - راور (راور),453251,ديهوک - راور,31.2831536,56.777542
3729236,بم - ماهان (سه‌راهي جيرفت - سه‌راهي راين),453252,بم - ماهان (سه‌راهي جيرفت - سه‌راهي راين),29.7306,57.6053
3729237,سيرج - کرمان,453253,سيرج - کرمان,30.2046,57.4777
3729238,ماهان - کرمان(هفت باغ علوي),453254,ماهان - کرمان(هفت باغ علوي),30.2194,57.1167
3729239,کمربندي کرمان - باغين (سرآسياب),453256,کمربندي کرمان - باغين (سرآسياب),30.528884,56.96084
3729240,کمربندي جوپار - باغين,453294,کمربندي جوپار - باغين,30.10233,57.00969
3729241,اختيار آباد - کرمان,453295,اختيار آباد - کرمان,30.31639,56.93944
3729242,زنگي آباد - کرمان,453296,زنگي آباد - کرمان,30.339564,56.968795
3729243,هوتک (چترود) - کرمان,453297,هوتک (چترود) - کرمان,30.448811,57.00735
3729244,چترود - کرمان,453299,چترود - کرمان,30.568796,56.943867
3729245,بافت - ارزوئيه (ارزوئيه),453301,بافت - ارزوئيه (ارزوئيه),28.41497,56.45331
3729246,ارزوئيه - وکيل‌آباد (ارزوئيه),453302,ارزوئيه - وکيل‌آباد (ارزوئيه),28.432612,56.325853
3729247,رابر - بافت (رابر),453303,رابر - بافت (رابر),29.2431206,56.6811171
3729248,بافت - ارزوييه,453311,بافت - ارزوييه,29.195289,56.612692
3729249,رابر - جيرفت (قنات ملك),453313,رابر - جيرفت (قنات ملك),29.27675,57.047278
3729250,دشتخاک - کوهبنان (مرز استان),453314,دشتخاک - کوهبنان (مرز استان),31.080181,56.55428
3729251,ريحان‌شهر - هجدك,453315,ريحان‌شهر - هجدك,30.769708,56.81415
3729252,ارزوئيه - بافت (ارزوئيه),453351,ارزوئيه - بافت (ارزوئيه),28.41497,56.45331
3729253,وکيل‌آباد - ارزوئيه (ارزوئيه),453352,وکيل‌آباد - ارزوئيه (ارزوئيه),28.432612,56.325853
3729254,بافت - رابر (رابر),453353,بافت - رابر (رابر),29.2431206,56.6811171
3729255,ارزوييه - بافت,453361,ارزوييه - بافت,29.195289,56.612692
3729256,جيرفت - رابر (قنات ملك),453363,جيرفت - رابر (قنات ملك),29.27675,57.047278
3729257,کوهبنان - دشتخاک (مرز استان),453364,کوهبنان - دشتخاک (مرز استان),31.080181,56.55428
3729258,هجدك - ريحان‌شهر,453365,هجدك - ريحان‌شهر,30.769708,56.81415
3729259,بردسير - سيرجان,453401,بردسير - سيرجان,29.5987,55.7967
3729260,کرمان - بافت (نگار),453403,کرمان - بافت (نگار),29.8073056,56.7876667
3729261,نگار - بهرامجرد,453404,نگار - بهرامجرد,29.867053,56.873689
3729262,کرمان - بهرامجرد ,453405,کرمان - بهرامجرد ,29.940531,56.989997
3729263,نگار - دشتکار,453406,نگار - دشتکار,29.865054,56.793154
3729264,سه راهي بم - دهبکري,453407,سه راهي بم - دهبکري,29.249855,57.96582
3729265,گلباف - سيرچ,453408,گلباف - سيرچ,30.11235,57.615832
3729266,فهرج - زاهدان (مرز استان),453409,فهرج - زاهدان (مرز استان),28.965158,58.896864
3729267,سيرجان - بردسير,453451,سيرجان - بردسير,29.5987,55.7967
3729268,بافت - کرمان (نگار),453453,بافت - کرمان (نگار),29.8073056,56.7876667
3729269,بهرامجرد - نگار,453454,بهرامجرد - نگار,29.867053,56.873689
3729270,بهرامجرد - کرمان ,453455,بهرامجرد - کرمان ,29.940531,56.989997
3729271,دشتکار - نگار,453456,دشتکار - نگار,29.865054,56.793154
3729272,دهبکري - سه راهي بم,453457,دهبکري - سه راهي بم,29.249855,57.96582
3729273,سيرچ - گلباف,453458,سيرچ - گلباف,30.11235,57.615832
3729274,زاهدان - فهرج (مرز استان),453459,زاهدان - فهرج (مرز استان),28.965158,58.896864
3729275,ايرانشهر - بم (بزمان - نرمانشير),453502,ايرانشهر - بم (بزمان - نرمانشير),28.877167,58.764722
3730966,نرمانشير - فهرج,453503,نرمانشير - فهرج,28.9582,58.7232
3729277,بم - ماهان (بم - سه‌راهي جيرفت),453505,بم - ماهان (بم - سه‌راهي جيرفت),29.14924,58.216423
3729278,بم - زاهدان,453517,بم - زاهدان,29.029502,58.498284
3729279,ريگان - ايرانشهر,453518,ريگان - ايرانشهر,28.588126,59.135005
3729280,بم - ايرانشهر (نرمانشير - بزمان),453552,بم - ايرانشهر (نرمانشير - بزمان),28.877167,58.764722
3729281,فهرج - نرمانشير,453553,فهرج - نرمانشير,28.9582,58.7232
3729282,ماهان - بم (سه‌راهي جيرفت - بم),453555,ماهان - بم (سه‌راهي جيرفت - بم),29.14924,58.216423
3729283,زاهدان - بم (متناظر توزين),453567,زاهدان - بم (متناظر توزين),29.03149,58.4944
3729284,ايرانشهر - ريگان,453568,ايرانشهر - ريگان,28.588126,59.135005
3729285,بردسير - باغين (متناظر توزين),453601,بردسير - باغين (متناظر توزين),30.177979,56.81632
3729330,جيرفت - کرمان (پليس‌راه),453602,جيرفت - کرمان (پليس‌راه),28.748326,57.759839
3729331,جيرفت - دهبکري,453603,جيرفت - دهبکري,28.997194,57.904584
3729332,جيرفت - کهنوج,453604,جيرفت - کهنوج,28.6161,57.8051
3729333,جيرفت - بافت (پليس‌راه),453605,جيرفت - بافت (پليس‌راه),28.748955,57.75799
3729334,جيرفت - فارياب (کريم آباد),453610,جيرفت - فارياب (کريم آباد),28.5294,57.7151
3729335,جيرفت - فرودگاه,453611,جيرفت - فرودگاه,28.703859,57.681579
3729336,درب بهشت - بافت,453612,درب بهشت - بافت,29.2409,57.2666
3729337,عنبرآباد - مردهک,453619,عنبرآباد - مردهک,28.34439,57.918786
3729338,جيرفت - کرمان(جيرفت),453620,جيرفت - کرمان(جيرفت),28.741132,57.760539
3729339,جيرفت - راين,453649,جيرفت - راين,29.261639,57.507681
3729286,باغين - بردسير,453651,باغين - بردسير,30.177979,56.81632
3729340,کرمان - جيرفت (پليس‌راه),453652,کرمان - جيرفت (پليس‌راه),28.748326,57.759839
3729341,دهبکري - جيرفت,453653,دهبکري - جيرفت,28.997194,57.904584
3729342,کهنوج - جيرفت,453654,کهنوج - جيرفت,28.6161,57.8051
3729343,بافت - جيرفت (پليس‌راه),453655,بافت - جيرفت (پليس‌راه),28.748955,57.75799
3729344,فارياب - جيرفت (کريم آباد),453660,فارياب - جيرفت (کريم آباد),28.5294,57.7151
3729345,فرودگاه - جيرفت,453661,فرودگاه - جيرفت,28.703859,57.681579
3729346,بافت - درب بهشت,453662,بافت - درب بهشت,29.2409,57.2666
3729347,مردهک - عنبرآباد,453669,مردهک - عنبرآباد,28.34439,57.918786
3729348,راين- جيرفت,453699,راين- جيرفت,29.261639,57.507681
3729287,باغين - رفسنجان,453701,باغين - رفسنجان,30.2617,56.6021
3729288,انار - رفسنجان,453702,انار - رفسنجان,30.377597,55.852517
3729289,انار - مهريز (انار),453703,انار - مهريز (انار),30.914636,55.220606
3729290,انار - شهربابک (انار),453704,انار - شهربابک (انار),30.8126,55.2279
3729291,رفسنجان - نوق,453705,رفسنجان - نوق,30.484694,55.978389
3729292,رفسنجان - سرچشمه,453707,رفسنجان - سرچشمه (بعدازکمربندي خروجي رفسنجان),30.271383,56.0101427
3729293,رفسنجان - باغين,453751,رفسنجان - باغين,30.2617,56.6021
3729294,رفسنجان - انار,453752,رفسنجان - انار,30.377597,55.852517
3729295,مهريز - انار (انار),453753,مهريز - انار (انار),30.914636,55.220606
3729296,شهربابک - انار (انار),453754,شهربابک - انار (انار),30.8126,55.2279
3729297,نوق - رفسنجان,453755,نوق - رفسنجان,30.484694,55.978389
3729298,سرچشمه - رفسنجان,453757,سرچشمه - رفسنجان,30.271383,56.0101427
3729299,چترود - راور,453801,چترود - راور,30.636051,56.965572
3729300,زرند - رفسنجان (داوران),453802,زرند - رفسنجان (داوران),30.800579,56.52485
3729301,زرند - دشتخاک,453803,زرند - دشتخاک,30.9378108,56.5466767
3729302,"زرند - بافق (زرند،محور سي ريز)",453804,"زرند - بافق (زرند،محور سي ريز)",30.847586,56.5798112
3729303,راور - چترود,453851,راور - چترود,30.636051,56.965572
3729304,رفسنجان - زرند (داوران),453852,رفسنجان - زرند (داوران),30.800579,56.52485
3729305,دشتخاک - زرند,453853,دشتخاک - زرند,30.9378108,56.5466767
3729306,"بافق - زرند (زرند،محور سي ريز)",453854,"بافق - زرند (زرند،محور سي ريز)",30.847586,56.5798112
3729307,سيرجان - حاجي آباد (چاه قلعه),453901,سيرجان - حاجي آباد (چاه قلعه),29.3982,55.6911
3729158,سيرجان - نيريز (نیریز),453903,سيرجان - نيريز,29.25132,54.48142
3729309,سيرجان - بافت (سيرجان),453904,سيرجان - بافت,29.3891,55.8222
3729310,سيرجان - شهربابک,453908,سيرجان - شهربابک,29.5104,55.6101
3729311,سيرجان - حاجي آباد (سنگ بهرام),453909,سيرجان - حاجي آباد (سنگ بهرام),28.840778,55.826906
3729312,کمربندي سيرجان - شهربابک,453927,کمربندي سيرجان - شهربابک,29.528194,55.72425
3729313,شهربابک - سيرجان (شهربابک) (متناظر توزين),453930,شهربابک - سيرجان (شهربابک) (متناظر توزين),29.89375,55.414778
3729314,سيرجان - پاريز,453931,سيرجان - پاريز,29.672606,55.793415
3729315,بافت - سيرجان (بافت),453932,بافت - سيرجان,29.243393,56.552327
3729316,حاجي آباد - سيرجان (چاه قلعه),453951,حاجي آباد - سيرجان (چاه قلعه),29.3982,55.6911
3729317,نيريز - سيرجان (سیرجان),453953,نيريز - سيرجان (سیرجان),29.4011,55.6532
3729318,بافت - سيرجان (سيرجان),453954,بافت - سيرجان (سيرجان),29.3891,55.8222
3729319,شهربابک - سيرجان,453958,شهربابک - سيرجان,29.5104,55.6101
3729320,حاجي آباد - سيرجان (سنگ بهرام),453959,حاجي آباد - سيرجان (سنگ بهرام),28.840778,55.826906
3729321,سيرجان - شهربابک (شهربابک),453980,سيرجان - شهربابک (شهربابک),29.89375,55.414778
3729322,پاريز - سيرجان,453981,پاريز - سيرجان,29.672606,55.793415
3729323,سيرجان - بافت (بافت),453982,سيرجان - بافت (بافت),29.243393,56.552327
3729324,شهربابک - جوزم (شهربابک),454103,شهربابک - جوزم (شهربابک),30.252189,55.025172
3729325,شهربابک - هرات (شهربابک),454104,شهربابک - هرات (شهربابک),30.119945,54.883969
3729326,سرچشمه - شهربابک,454107,سرچشمه - شهربابک,30.07744,55.40519
3729327,جوزم - شهربابک (شهربابک),454153,جوزم - شهربابک (شهربابک),30.252189,55.025172
3729328,هرات - شهربابک (شهربابک),454154,هرات - شهربابک (شهربابک),30.119355,54.884191
3729329,شهربابک - سرچشمه,454157,شهربابک - سرچشمه,30.07744,55.40519
3729349,رودبار - زهکلوت,454202, رودبار - زهکلوت,27.977,58.0317
3729350,کهنوج - رودان,454203,کهنوج - رودان,27.4997,57.414
3729351,کهنوج - قلعه گنج,454204,کهنوج - قلعه گنج,27.9573,57.7871
3729352,کهنوج - فارياب,454213,کهنوج - فارياب,28.10927,57.259168
3729353,کهنوج - منوجان,454214,کهنوج - منوجان,27.874401,57.676325
3729354,زهکلوت - ايرانشهر,454215,زهکلوت - ايرانشهر,27.791928,58.599538
3729355,فارياب - زيارتعلي,454216,فارياب - زيارتعلي,28.057983,57.204062
3729356,بلوک - فارياب,454217,بلوک - فارياب,28.137976,57.265692
3729342,کهنوج - جيرفت,454218,کهنوج - جيرفت,28.6161,57.8051
3729358,قلعه گنج - منوجان,454219,قلعه گنج - منوجان,27.465342,57.865421
3729359,قلعه گنج - ايرانشهر,454220,قلعه گنج - ايرانشهر,26.819661,58.810239
3729360,جيرفت - بافت,454221,جيرفت - بافت,29.136799,57.496373
3729361,جيرفت - عنبرآباد,454222,جيرفت - عنبرآباد,28.585383,57.832036
9000226,,454223,زهکلوت - ايرانشهر (مرز استان),27.708303,58.9052153
3729362,کهنوج - فاریاب (کهنوج - زیارتعلی),454224,کهنوج - فاریاب (کهنوج - زیارتعلی),27.920489,57.660092
3729363,عنبر آباد - توکل آباد,454225,عنبر آباد - توکل آباد,28.446347,57.829353
3729364,کهنوج - رودبار,454226,کهنوج - رودبار,27.95578,57.806611
3729365,زهکلوت - رودبار,454252,زهکلوت - رودبار,27.977,58.0317
3729366,رودان - کهنوج,454253,رودان - کهنوج,27.4997,57.414
3729367,قلعه گنج - کهنوج,454254,قلعه گنج - کهنوج,27.9573,57.7871
3729368,فارياب - کهنوج,454263,فارياب - کهنوج,28.10927,57.259168
3729369,منوجان - کهنوج,454264,منوجان - کهنوج,27.874401,57.676325
3729370,ايرانشهر - زهکلوت,454265,ايرانشهر - زهکلوت,27.791928,58.599538
3729371,زيارتعلي - فارياب,454266,زيارتعلي - فارياب,28.057983,57.204062
3729372,فارياب - بلوک,454267,فارياب - بلوک,28.137976,57.265692
3729332,جيرفت - کهنوج,454268,جيرفت - کهنوج,28.6161,57.8051
3729374,منوجان - قلعه گنج,454269,منوجان - قلعه گنج,27.465342,57.865421
3729375,ايرانشهر - قلعه گنج,454270,ايرانشهر - قلعه گنج,26.819661,58.810239
3729376,بافت - جيرفت,454271,بافت - جيرفت,29.136799,57.496373
3729377,عنبرآباد - جيرفت,454272,عنبرآباد - جيرفت,28.585383,57.832036
9000227,,454273,ايرانشهر - زهکلوت (مرز استان),27.708303,58.9052153
3729378,فاریاب - کهنوج (زیارتعلی - کهنوج),454274,فاریاب - کهنوج (زیارتعلی - کهنوج),27.920489,57.660092
3729379,توکل آباد - عنبر آباد,454275,توکل آباد - عنبر آباد,28.446347,57.829353
3729380,رودبار - کهنوج,454276,رودبار - کهنوج,27.95578,57.806611
3729381,سه راهي خنداب - خنداب,513101,سه راهي خنداب - خنداب,34.283282,49.312944
3729382,سلفچگان - اراک (کارچان),513102, سلفچگان - اراک,34.098098,49.922649
3729383,اراک - بروجرد,513103,اراک - بروجرد,34.022,49.488
3729384,اراک - شازند,513105,اراک - شازند,34.02175,49.576611
3729385,هندودر - چالانچولان (مرز استان),513106,هندودر - چالانچولان (مرز استان),33.832045,49.1041
3730967,اراك - خمين,513110,اراك - خمين,34.033614,49.819278
3729387,اراك - فرمهين,513111,اراك - فرمهين,34.160211,49.687047
3729388,کنارگذر شمالي اراک (رفت),513112,کنارگذر شمالي اراک (رفت),34.157656,49.707991
3729389,خنداب - سه راهي خنداب,513151,خنداب - سه راهي خنداب,34.283282,49.312944
3729390,اراک - سلفچگان (کارچان) (متناظر توزين),513152,اراک - سلفچگان (کارچان) (متناظر توزين),34.098098,49.922649
3729391,بروجرد - اراک,513153,بروجرد - اراک,34.022,49.488
3729392,شازند - اراک,513155,شازند - اراک,34.02175,49.576611
3729393,چالانچولان - هندودر (مرز استان),513156,چالانچولان - هندودر (مرز استان),33.832045,49.1041
3729394,خمين - اراك,513160,خمين - اراك,34.033614,49.819278
3729395,فرمهين - اراك,513161,فرمهين - اراك,34.160211,49.687047
3729396,کنارگذر شمالي اراک (برگشت ),513162,کنارگذر شمالي اراک (برگشت ),34.157656,49.707991
3729397,سلفچگان - اراک (احمدآباد),513214,سلفچگان - اراک (احمدآباد),34.075702,49.811102
3729398,توره - بروجرد (توره) (متناظر توزين),513215,توره - بروجرد (توره) (متناظر توزين),34.049729,49.3007523
3729399,آشتيان - راهجرد,513216,آشتيان - راهجرد,34.3982419,50.1760103
3729400,کميجان - قهاوند,513217,کميجان - قهاوند,34.724431,49.302391
3729401,آشتیان - دستجرد (مرز استان),513227,آشتیان - دستجرد (مرز استان),34.488952,50.157407
3729402,آهنگران - کمیجان,513228,آهنگران - کمیجان,34.559402,49.344179
3729403,تفرش - آشتیان,513229,تفرش - آشتیان,34.586583,49.914975
3729404,تفرش - سلفچگان (مرز استان),513230,تفرش - سلفچگان (مرز استان),34.609924,50.103433
3729405,کمیجان - خنداب,513231,کمیجان - خنداب,34.475456,49.177871
3729406,خنداب  - ملایر (مرز استان),513232,خنداب  - ملایر (مرز استان),34.411526,49.033469
3729407,اراک - سلفچگان (احمدآباد),513264,اراک - سلفچگان (احمدآباد),34.075702,49.811102
3729408,بروجرد - توره (توره),513265,بروجرد - توره (توره),34.049729,49.300752
3729409,راهجرد - آشتيان,513266,راهجرد - آشتيان,34.3982419,50.1760103
3729410,قهاوند - کميجان,513267,قهاوند - کميجان,34.724431,49.302391
3729411,دستجرد - آشتیان (مرز استان),513277,دستجرد - آشتیان (مرز استان),34.488952,50.157407
3729412,کمیجان - آهنگران,513278,کمیجان - آهنگران,34.559402,49.344179
3729413,آشتیان - تفرش,513279,آشتیان - تفرش,34.586583,49.914975
3729414,سلفچگان - تفرش (مرز استان),513280,سلفچگان - تفرش (مرز استان),34.609924,50.103433
3729415,خنداب - کمیجان,513281,خنداب - کمیجان,34.475456,49.177871
3729416,ملایر  - خنداب (مرز استان),513282,ملایر  - خنداب (مرز استان),34.411526,49.033469
3728481,خمين - گلپايگان,513401,خمين - گلپايگان ,33.572388,50.263212
3729418,خمين - محلات,513402,خمين - محلات,33.723757,50.222617
3729419,خمين - شازند,513403,خمين - شازند,33.881576,49.552317
3729420,خمين - اليگودرز,513404,خمين - اليگودرز,33.534722,49.980278
3729421,گلپايگان - خمين (خمين),513451,گلپايگان - خمين (خمين),33.641853,50.151292
3729422,محلات - خمين,513452,محلات - خمين,33.723757,50.222617
3729423,شازند - خمين,513453,شازند - خمين,33.881576,49.552317
3729424,اليگودرز - خمين,513454,اليگودرز - خمين,33.534722,49.980278
3729425,دليجان - نراق,513501,دليجان - نراق,33.992263,50.711395
3729426,دليجان - ميمه (دليجان) (متناظر توزين),513505,دليجان - ميمه (دليجان) (متناظر توزين),33.931689,50.731211
3729427,نراق - دليجان,513551,نراق - دليجان,33.992263,50.711395
3729428,ميمه - دليجان (دليجان),513555,ميمه - دليجان (دليجان),33.931689,50.731211
9000228,,513601,جاده قديم ساوه - تهران (ساوه - مامونيه),35.3212532,50.5031741
3729429,ساوه - همدان,513602,ساوه - همدان,35.056167,50.005639
3729430,آزادراه تهران - ساوه (مامونيه),513603,آزادراه تهران - ساوه (مامونيه),35.2554,50.5613
3729431,سلفچگان - دليجان (سد 15 خرداد),513604,سلفچگان - دليجان (سد 15 خرداد),34.09,50.6209
3729432,آزادراه تهران - ساوه (سرزمين ايرانيان),513605,آزادراه تهران - ساوه (سرزمين ايرانيان),35.43792,50.95098
3729433,آزادراه ساوه - همدان (عوارضي ساوه - دخان),513606,آزادراه ساوه - همدان (عوارضي ساوه - دخان),35.105836,50.011389
3729434,آزادراه ساوه - سلفچگان (ساوه - آوه),513608,آزادراه ساوه - سلفچگان,34.795625,50.447356
3729435,جاده قديم ساوه - سلفچگان (ساوه - آوه),513609,جاده قديم ساوه - سلفچگان (ساوه - آوه),34.949225,50.390961
3729436,جاده قديم ساوه - تهران (پرندك - پرند),513610,جاده قديم ساوه - تهران (پرندك - پرند),35.369778,50.731694
3729437,ساوه - بوئين زهرا,513611,ساوه - بوئين زهرا,35.339967,50.249231
3729438,جاده قديم ساوه - تهران (ساوه - شهرک صنعتي کاوه),513612,جاده قديم ساوه - تهران (ساوه - شهرک صنعتي کاوه),35.078194,50.374891
3729439,آزادراه ساوه - تهران (پليس‌راه ساوه) (متناظر توزين),513620,آزادراه ساوه - تهران (پليس‌راه ساوه),35.087697,50.437596
3729440,آزادراه ساوه - همدان (عوارضي ساوه),513621,آزادراه ساوه - همدان (عوارضي ساوه),35.158833,50.378294
9000229,,513634,آزادراه ساوه - تهران (عوارضي گيت1),35.1303617,50.4577511
9000230,,513635,آزادراه ساوه - تهران (عوارضي گيت2),35.1303617,50.4577511
9000231,,513636,آزادراه ساوه - تهران (عوارضي گيت3),35.1303617,50.4577511
9000232,,513637,آزادراه ساوه - تهران (عوارضي گيت4),35.1303617,50.4577511
9000233,,513638,آزادراه ساوه - تهران (عوارضي گيت5),35.1303617,50.4577511
9000234,,513639,آزادراه ساوه - تهران (عوارضي گيت6),35.1303617,50.4577511
9000235,,513640,آزادراه ساوه - تهران (مجموع گيت ها),35.1303617,50.4577511
3729441,آزادراه سلفچگان - ساوه (عوارضي سلفچگان),513649,آزادراه سلفچگان - ساوه (عوارضي سلفچگان),34.999019,50.42245
9000236,,513651,جاده قديم تهران - ساوه (مامونيه - ساوه),35.3212532,50.5031741
3729442,همدان - ساوه,513652,همدان - ساوه,35.056167,50.005639
3729443,آزادراه ساوه - تهران (مامونيه),513653,آزادراه ساوه - تهران (مامونيه),35.2554,50.5613
3729444,دليجان - سلفچگان (سد 15 خرداد),513654,دليجان - سلفچگان (سد 15 خرداد),34.09,50.6209
3729445,آزادراه ساوه - تهران (سرزمين ايرانيان),513655,آزادراه ساوه - تهران (سرزمين ايرانيان),35.43792,50.95098
3729446,آزادراه همدان - ساوه (دخان - عوارضي ساوه),513656,آزادراه همدان - ساوه (دخان - عوارضي ساوه),35.105836,50.011389
3729447,آزادراه سلفچگان - ساوه (آوه - ساوه),513658,آزادراه سلفچگان - ساوه (آوه - ساوه),34.795625,50.447356
3729448,جاده قديم سلفچگان - ساوه (آوه - ساوه),513659,جاده قديم سلفچگان - ساوه (آوه - ساوه),34.949225,50.390961
3729449,جاده قديم تهران - ساوه (پرند - پرندك),513660,جاده قديم تهران - ساوه (پرند - پرندك),35.369778,50.731694
3729450,بوئين زهرا - ساوه,513661,بوئين زهرا - ساوه,35.339967,50.249231
3729451,جاده قديم تهران - ساوه (شهرک صنعتي کاوه - ساوه),513662,جاده قديم تهران - ساوه (شهرک صنعتي کاوه - ساوه),35.078194,50.374891
3729452,آزادراه تهران - ساوه (پليس‌راه ساوه),513670,آزادراه تهران - ساوه (پليس‌راه ساوه),35.087697,50.437596
3729453,آزادراه همدان - ساوه (عوارضي ساوه),513671,آزادراه همدان - ساوه (عوارضي ساوه),35.158833,50.378294
9000237,,513684,آزادراه تهران - ساوه (عوارضي گيت1),35.46916365,51.0142391
9000238,,513685,آزادراه تهران - ساوه (عوارضي گيت2),35.46916365,51.0142391
9000239,,513686,آزادراه تهران - ساوه (عوارضي گيت3),35.46916365,51.0142391
9000240,,513687,آزادراه تهران - ساوه (عوارضي گيت4),35.46916365,51.0142391
9000241,,513688,آزادراه تهران - ساوه (عوارضي گيت5),35.46916365,51.0142391
9000242,,513689,آزادراه تهران - ساوه (عوارضي گيت6),35.46916365,51.0142391
9000243,,513690,آزادراه تهران - ساوه (مجموع گيت ها),35.46916365,51.0142391
3729454,آزادراه ساوه - سلفچگان (عوارضي سلفچگان),513699,آزادراه ساوه - سلفچگان (عوارضي سلفچگان),34.999019,50.42245
3729455,ازنا - شازند (شازند),513701,ازنا - شازند,33.7898,49.497342
3729456,توره - ملاير,513702,توره - ملاير,34.038294,49.163894
3729457,توره - بروجرد (سه‌راهي ملاير),513703,توره - بروجرد (سه‌راهي ملاير),34.007525,49.205192
3729458,شازند - سه راهي شازند,513704,شازند- سه راهي شازند ,34.003139,49.486806
3729459,شازند - ازنا (شازند),513751,شازند - ازنا,33.7898,49.497342
3729460,ملاير - توره,513752,ملاير - توره,34.038294,49.163894
3729461,بروجرد - توره (سه‌راهي ملاير),513753,بروجرد - توره (سه‌راهي ملاير),34.007525,49.205192
3729462,سه راهي شازند - شازند,513754, سه راهي شازند -شازند,34.000417,49.483972
3729463,محلات - دليجان,513801,محلات - دليجان,33.956528,50.654083
3729464,دليجان - محلات,513851,دليجان - محلات,33.956528,50.654083
3729465,امامزاده هاشم - تقاطع سراوان,543101,امامزاده هاشم - تقاطع سراوان,37.105178,49.657227
3729466,لنگرود - رودسر,543102,لنگرود - رودسر,37.150311,50.252356
3729467,کوچصفهان - سنگر,543103,کوچصفهان - سنگر,37.253791,49.764055
3729468,رشت - فومن,543104,رشت - فومن,37.268793,49.45122
3729469,آزادراه رشت - قزوين (رستم‌آباد - رودبار),543105,آزادراه رشت - قزوين (رستم‌آباد - رودبار),36.841531,49.468541
3729470,رشت - پير بازار,543109,رشت - پير بازار,37.3371,49.5558
3729471,رشت - کوچصفهان,543110,رشت - کوچصفهان,37.276379,49.733617
3729472,رشت - خمام,543111,رشت - خمام,37.3426,49.6328
3729473,پير بازار - ضيابر,543112,پير بازار - ضيابر,37.340033,49.532217
3729474,ملاسرا - شفت,543117,ملاسرا - شفت,37.20348,49.43398
3729475,لنگرود - چمخاله,543118,لنگرود - چمخاله,37.21105,50.21468
3729476,طاهرگوراب - صومعه سرا,543119,طاهرگوراب - صومعه سرا,37.323583,49.298611
3729477,گورابجير - منطقه آزاد,543120,گورابجير - منطقه آزاد,37.4495356,49.6325726
3729478,تقاطع سراوان - امامزاده هاشم,543151,تقاطع سراوان - امامزاده هاشم,37.105178,49.657227
3729479,رودسر - لنگرود,543152,رودسر - لنگرود,37.150311,50.252356
3729480,سنگر - کوچصفهان,543153,سنگر - کوچصفهان,37.253791,49.764055
3729481,فومن - رشت,543154,فومن - رشت,37.268793,49.45122
3729482,آزادراه قزوين - رشت (رودبار - رستم‌آباد),543155,آزادراه قزوين - رشت (رودبار - رستم‌آباد),36.841531,49.468541
3729483,پيربازار - رشت,543159,پيربازار - رشت,37.3371,49.5558
3729484,کوچصفهان - رشت,543160,کوچصفهان - رشت,37.276379,49.733617
3729485,خمام - رشت,543161,خمام - رشت,37.3426,49.6328
3729486,ضيابر - پير بازار,543162,ضيابر - پير بازار,37.340033,49.532217
3729487,شفت - ملاسرا,543167,شفت - ملاسرا,37.20348,49.43398
3729488,چمخاله - لنگرود,543168,چمخاله - لنگرود,37.21105,50.21468
3729489,صومعه سرا - طاهرگوراب,543169,صومعه سرا - طاهرگوراب,37.323583,49.298611
3729490,منطقه آزاد - گورابجير,543170,منطقه آزاد - گورابجير,37.4495356,49.6325726
3729491,آستارا - اردبيل (آستارا - آق چاي),543201,آستارا - اردبيل (آستارا - آق چاي),38.4197,48.7501
3729492,رشت - تقاطع سراوان,543219,رشت - تقاطع سراوان,37.132872,49.669223
3729493,رشت - لاکان,543220,رشت - لاکان,37.179779,49.578627
3729500,رشت - جيرده,543221,رشت - جيرده,37.2040655,49.5350492
3729494,سنگر - سياهکل,543222,سنگر - سياهکل,37.133295,49.752633
3729495,آزادراه رشت - قزوين (امامزاده هاشم),543230,آزادراه رشت - قزوين (امامزاده هاشم),37.0244708,49.6306823
3729496,خمام - پيربازار,543231,خمام - پيربازار,37.38116,49.592534
3729497,امامزاده هاشم - رستم آباد (جاده قديم),543232,امامزاده هاشم - رستم آباد (جاده قديم),37.0104,49.58605
3729498,سنگر- رشت,543233,سنگر- رشت,37.202546,49.672971
3729499,شاقاجي - امامزاده هاشم,543234,شاقاجي - امامزاده هاشم,37.071999,49.658824
3729500,رشت - جيرده,543235,رشت - جيرده,37.2040655,49.5350492
3729501,اردبيل - آستارا (آق چاي - آستارا),543251,اردبيل - آستارا (آق چاي - آستارا),38.4197,48.7501
3729502,تقاطع سراوان - رشت,543269,تقاطع سراوان - رشت,37.132872,49.669223
3729503,لاکان - رشت,543270,لاکان - رشت,37.179779,49.578627
3729510,جيرده - رشت,543271,جيرده - رشت,37.2040655,49.5350492
3729504,سياهکل - سنگر,543272,سياهکل - سنگر,37.133295,49.752633
3729505,آزادراه قزوين - رشت (امامزاده هاشم) (متناظر توزين),543280,آزادراه قزوين - رشت (امامزاده هاشم),37.0244708,49.6306823
3729506,پيربازار - خمام,543281,پيربازار - خمام,37.38116,49.592534
3729507,رستم آباد - امامزاده هاشم(جاده قديم),543282,رستم آباد - امامزاده هاشم(جاده قديم),37.0104,49.58605
3729508,رشت - سنگر,543283,رشت - سنگر,37.202546,49.672971
3729509,امامزاده هاشم - شاقاجي,543284,امامزاده هاشم - شاقاجي,37.071999,49.658824
3729510,جيرده - رشت,543285,جيرده - رشت,37.2040655,49.5350492
3729511,خمام - انزلي,543301,خمام - انزلي,37.408608,49.659641
3729512,انزلي - رضوانشهر,543302,انزلي - رضوانشهر,37.532346,49.276405
3729513,بندرانزلي - حسن رود,543310,بندرانزلي - حسن رود,37.4596992,49.5924719
3729514,انزلي - خمام (متناظر توزين),543351,انزلي - خمام (متناظر توزين),37.408608,49.659641
3729515,رضوانشهر - انزلي,543352,رضوانشهر - انزلي,37.532346,49.276405
3729516,حسن رود - بندر انزلي,543360,حسن رود - بندر انزلي,37.4596992,49.5924719
3729517,لاهيجان - آستانه,543401,لاهيجان - آستانه,37.228128,49.954782
3729518,آستانه - کياشهر,543402,آستانه - کياشهر,37.398433,49.948948
3729519,حسن رود - کياشهر,543403,حسن رود - کياشهر,37.445567,49.703439
3729520,کوچصفهان - آستانه,543404,کوچصفهان - آستانه,37.260867,49.864532
3729521,آستانه - لاهيجان,543451,آستانه - لاهيجان,37.228128,49.954782
3729522,کياشهر - آستانه,543452,کياشهر - آستانه,37.398433,49.948948
3729523,کياشهر - حسن رود,543453,کياشهر - حسن رود,37.445567,49.703439
3729524,آستانه - کوچصفهان,543454,آستانه - کوچصفهان,37.260867,49.864532
3729525,جاده قديم رستم‌آباد - رودبار,543501,جاده قديم رستم‌آباد - رودبار,36.855122,49.474169
3729526,جاده قديم لوشان - قزوين,543502,جاده قديم لوشان - قزوين,36.611049,49.537627
3729527,آزادراه رشت - قزوين (لوشان - مرز استان),543503,آزادراه رشت - قزوين (لوشان - مرز استان),36.656056,49.484454
3729528,منجيل - طارم (منجيل - گيلوان),543504,منجيل - طارم,36.752575,49.282754
3729529,رودبار - منجيل,543505,رودبار - منجيل,36.794916,49.409487
3729530,آزادراه رشت - قزوين (امامزاده هاشم - رستم‌آباد),543506,آزادراه رشت - قزوين (امامزاده هاشم - رستم‌آباد),36.999107,49.582019
3729531,جاده قديم رودبار - رستم‌آباد,543551,جاده قديم رودبار - رستم‌آباد,36.855122,49.474169
3729532,جاده قديم قزوين - لوشان,543552,جاده قديم قزوين - لوشان,36.611049,49.537627
3729533,آزادراه قزوين - رشت (مرز استان - لوشان),543553,آزادراه قزوين - رشت (مرز استان - لوشان),36.656056,49.484454
3729534,طارم - منجيل (گيلوان - منجيل),543554,طارم - منجيل,36.752575,49.282754
3729535,منجيل - رودبار,543555,منجيل - رودبار,36.794916,49.409487
3729536,آزادراه قزوين - رشت (رستم‌آباد - امامزاده هاشم),543556,آزادراه قزوين - رشت (رستم‌آباد - امامزاده هاشم),36.999107,49.582019
3729537,کلاچاي - چابکسر,543601,کلاچاي - چابکسر,37.0120811,50.4930351
3729538,رودسر - کلاچاي,543602,رودسر - کلاچاي,37.103465,50.358366
3729497,امامزاده هاشم - رستم آباد (جاده قديم),543605,امامزاده هاشم - رستم آباد ( جاده قديم),37.0104,49.58605
3729539,جاده قديم منجيل - لوشان,543606,جاده قديم منجيل - لوشان,36.712584,49.41468
3729540,چابکسر - رامسر (مرز استان),543609,چابکسر - رامسر (مرز استان),36.962735,50.593666
3729541,چابکسر - کلاچاي,543651,چابکسر - کلاچاي,37.0120811,50.4930351
3729542,کلاچاي - رودسر,543652,کلاچاي - رودسر,37.103465,50.358366
9000244,,543655,جاده قديم رستم‌آباد - امامزاده هاشم,36.9675866,49.548533
3729543,جاده قديم لوشان - منجيل,543656,جاده قديم لوشان - منجيل,36.712584,49.41468
3729544,رامسر - چابکسر (مرز استان),543659,رامسر - چابکسر (مرز استان),36.962735,50.593666
3729545,املش - کلان کلايه,543701,املش - کلان کلايه,37.047985,50.282592
3729546,کلان کلايه - املش,543751,کلان کلايه - املش,37.047985,50.282592
3729547,تالش - آستارا,543901,تالش - آستارا,38.1169,48.8946
3729548,اسالم - خلخال (اسالم),543902,اسالم - خلخال,37.688764,48.852794
3729549,پونل - اسالم,543903,پونل - اسالم,37.563467,49.115283
3729550,اسالم - تالش,543904,اسالم - تالش,37.74968,48.936123
3729551,آستارا - تالش,543951,آستارا - تالش,38.1169,48.8946
3729552,خلخال - اسالم (اسالم),543952,خلخال - اسالم,37.688764,48.852794
3729553,اسالم - پونل,543953,اسالم - پونل,37.563467,49.115283
3729554,تالش - اسالم,543954,تالش - اسالم,37.74968,48.936123
3729555,ضيابر - پونل,544101,ضيابر - پونل,37.512593,49.141161
3729556,پونل - خلخال,544105,پونل - خلخال,37.527,49.093562
3729557,پونل - ضيابر,544151,پونل - ضيابر,37.512593,49.141161
3729558,خلخال - پونل,544155,خلخال - پونل,37.527,49.093562
3729559,بازارجمعه - فومن,544201,بازارجمعه - فومن,37.264192,49.369548
3729560,فومن - بازارجمعه,544251,فومن - بازارجمعه,37.264192,49.369548
9000245,,544301,فومن - ضيابر,37.3725446,49.2576742
3729561,فومن - سراوان (سراوان),544302,فومن - سراوان,37.143621,49.61944
3729562,فومن - ماسوله,544307,فومن - ماسوله,37.172945,49.117332
3729563,فومن - سراوان (فومن),544308,فومن - سراوان (فومن),37.229293,49.363811
3729564,فومن - صومعه سرا,544309,فومن - صومعه سرا,37.2755895,49.3085699
9000246,,544351,ضيابر - فومن,37.3725446,49.2576742
3729565,سراوان - فومن (سراون),544352,سراوان - فومن (سراون),37.143621,49.61944
3729566,ماسوله - فومن,544357,ماسوله - فومن,37.172945,49.117332
3729567,سراوان - فومن (فومن),544358,سراوان - فومن (فومن),37.229293,49.363811
3729568,صومعه سرا - فومن,544359,صومعه سرا - فومن,37.2755895,49.3085699
3729569,لاهيجان - سياهکل,544501,لاهيجان - سياهکل,37.185013,49.906453
3729570,لاهيجان - لنگرود,544502,لاهيجان - لنگرود,37.201842,50.058359
3729571,سياهکل - لاهيجان,544551,سياهکل - لاهيجان,37.185013,49.906453
3729572,لنگرود - لاهيجان,544552,لنگرود - لاهيجان,37.201842,50.058359
3729573,سياهکل - ديلمان,544601,سياهکل - ديلمان,37.051357,49.89776
3729574,ديلمان - سياهکل,544651,ديلمان - سياهکل,37.051357,49.89776
3729575,شلمان - املش,544701,شلمان - املش,37.120201,50.227811
3729576,املش - شلمان,544751,املش - شلمان,37.120201,50.227811
3729577,اروميه - مهاباد (اروميه - رشکان),573101,اروميه - مهاباد,37.52022,45.15055
3729578,اروميه - سلماس (اروميه),573102,اروميه - سلماس,37.670735,45.047243
3729579,سرو - اروميه (اروميه),573103,سرو - اروميه,37.645638,44.997573
3729580,اروميه - تبريز (شهيد کلانتري),573104,اروميه - تبريز (شهيد کلانتري),37.69104,45.19873
3729602,اشنويه - اروميه (اروميه),573105,اشنويه - اروميه,37.456743,45.151799
3729581,سرو - مرز سرو,573106,سرو - مرز سرو,37.721569,44.633856
9000247,,573108,مهاباد - اروميه (رشکان - حيدرآباد),37.326819,45.296072
3729582,مهاباد - اروميه (رشکان - اروميه),573151,مهاباد - اروميه,37.52022,45.15055
3729583,سلماس - اروميه (اروميه),573152,سلماس - اروميه,37.670735,45.047243
3729584,اروميه - سرو (اروميه),573153,اروميه - سرو,37.645638,44.997573
3729585,تبريز - اروميه (شهيد کلانتري),573154,تبريز - اروميه (شهيد کلانتري),37.69104,45.19873
3729590,اروميه - اشنويه (اروميه),573155,اروميه - اشنويه,37.456743,45.151799
3729586,مرز سرو - سرو,573156,مرز سرو - سرو,37.721569,44.633856
9000248,,573158,سه راهي حيدر آباد - رشکان,37.326819,45.296072
3729587,اروميه - راژان,573201,اروميه - راژان,37.393611,44.9075
3729588,اروميه - جزيره اسلامي (پل ميانگذر درياچه),573202,اروميه - جزيره اسلامي (پل ميانگذر درياچه),37.752624,45.279788
3729589,بوکان - سقز (بوکان),573203,بوکان - سقز,36.447417,46.206083
3729590,اروميه - اشنويه (اروميه),573211,اروميه - اشنويه (اروميه),37.456743,45.151799
3729591,اروميه - مهاباد (رشکان - حيدرآباد) (متناظر توزين),573221,اروميه - مهاباد ( رشکان - حيدرآباد),37.326819,45.296072
3729592,اروميه - بند,573222,اروميه - بند,37.504141,45.015449
3729593,اروميه - امام زاده,573223,اروميه - امام زاده,37.5283,45.1575
3729594,اروميه - گلمان,573224,اروميه - گلمان,37.567838,45.204247
3729595,اروميه - سلماس(نوشين شهر - سلماس),573225,اروميه - سلماس(نوشين شهر - سلماس),37.8581,45.0221
3729596,اروميه - انهر,573226,اروميه - انهر,37.6132,44.9506
9000249,,573227,راژان - زيوه,37.3177177,44.8859096
3729597,ارومیه - اشنویه (خطایلو),573228,ارومیه - اشنویه (خطایلو),37.4518,45.0804
3729598,سیلوانا - سرو (چره),573229,سیلوانا - سرو (چره),37.436,44.8325
3729599,راژان - اروميه,573251,راژان - اروميه,37.393611,44.9075
3729600,جزيره اسلامي - اروميه (پل ميانگذر درياچه),573252,جزيره اسلامي - اروميه (پل ميانگذر درياچه),37.752624,45.279788
3729601,سقز - بوکان (بوکان),573253,سقز - بوکان,36.447417,46.206083
3729602,اشنويه - اروميه (اروميه),573261,اشنويه - اروميه (اروميه),37.456743,45.151799
3729603,مهاباد - اروميه (حيدرآباد - رشکان ),573271,مهاباد - اروميه (حيدرآباد - رشکان ),37.326819,45.296072
3729604,بند - اروميه,573272,بند - اروميه,37.504141,45.015449
3729605,امام زاده - اروميه,573273,امام زاده - اروميه,37.5283,45.1575
3729606,گلمان - اروميه,573274,گلمان - اروميه,37.567838,45.204247
3729607,سلماس - اروميه(سلماس - نوشين شهر),573275,سلماس - اروميه(سلماس - نوشين شهر),37.8581,45.0221
3729608,انهر - اروميه,573276,انهر - اروميه,37.6132,44.9506
9000250,,573277,زيوه - راژان,37.3177177,44.8859096
3729609,اشنویه - ارومیه (خطایلو),573278,اشنویه - ارومیه (خطایلو),37.4518,45.0804
3729610,سرو - سیلوانا (چره),573279,سرو - سیلوانا (چره),37.436,44.8325
3729611,پيرانشهر - مرز تمرچين,573301,پيرانشهر - مرز تمرچين,36.6924,45.127849
3729612,مهاباد - پيرانشهر (پسوه),573302,مهاباد - پيرانشهر (پسوه),36.7944,45.2934
3729613,پيرانشهر - سردشت,573303,پيرانشهر - سردشت,36.534371,45.249368
3729613,پيرانشهر - سردشت,573304,پيرانشهر - سردشت,36.534371,45.249368
3729614,مرز تمرچين - پيرانشهر,573351,مرز تمرچين - پيرانشهر,36.6924,45.127849
3729615,پيرانشهر - مهاباد (پسوه),573352,پيرانشهر - مهاباد (پسوه),36.7944,45.2934
3729616,سردشت - پيرانشهر,573353,سردشت - پيرانشهر,36.534371,45.249368
3729616,سردشت - پيرانشهر,573354,سردشت - پيرانشهر,36.534371,45.249368
3729617,تکاب - بيجار (تکاب),573401,تکاب - بيجار,36.361083,47.141806
3729618,تکاب - دندي,573402,تکاب - دندي,36.615649,47.167243
3729619,بيجار - تکاب (تکاب),573451,بيجار - تکاب,36.361083,47.141806
3729620,دندي - تکاب,573452,دندي - تکاب,36.615649,47.167243
3729621,سه راه ايواغلي - خوي,573501,سه راه ايواغلي - خوي,38.679295,45.139356
3729622,خوي - سلماس,573502,خوي - سلماس,38.391816,44.893272
3729623,خوي - قطور (مرز رازي),573503,خوي - قطور (مرز رازي),38.48404,44.84594
9000251,,573504,سلماس - تازه شهر,38.1793028,44.7358561
9000252,,573505,خوي - سه‌راهي ايواغلي,38.679295,45.139356
3729624,خوي - چالدران,573506,خوي - چالدران,38.6255798,44.7938957
3729625,ايواغلي - مرند,573507,ايواغلي - مرند,38.651207,45.22596
3729626,قره ضياالدين - چالدران,573517,قره ضياالدين - چالدران,38.9197,44.9964
3729627,خوي - قره ضياالدين,573518,خوي - قره ضياالدين,38.5926,44.9548
3729628,تازه شهر - مرز کوزه رش,573519,تازه شهر - مرز کوزه رش,38.158,44.6559
3729629,خوي - سه راه ايواغلي,573551,خوي - سه راه ايواغلي,38.679295,45.139356
3729630,سلماس - خوي,573552,سلماس - خوي,38.391816,44.893272
3729631,قطور - خوي (مرز رازي),573553,قطور - خوي (مرز رازي),38.48404,44.84594
9000253,,573554,تازه شهر - سلماس,38.1793028,44.7358561
9000254,,573555,سه‌راهي ايواغلي - خوي,38.679295,45.139356
3729632,چالدران - خوي,573556,چالدران - خوي,38.6255798,44.7938957
3729633,مرند - ايواغلي,573557,مرند - ايواغلي,38.651207,45.22596
3729634,چالدران - قره ضياالدين,573567,چالدران - قره ضياالدين,38.9197,44.9964
3729635,قره ضيالدين - خوي,573568,قره ضيالدين - خوي,38.5926,44.9548
3729636,مرز کوزه رش - تازه شهر,573569,مرز کوزه رش - تازه شهر,38.158,44.6559
3729637,سردشت - بانه (سردشت),573602,سردشت - بانه,36.150306,45.55875
3729638,سه راهي ايواغلي - مرز جلفا,573603,سه راهي ايواغلي - مرز جلفا,38.6914,45.2289
3729639,سردشت - مرزکيله,573605,سردشت - مرزکيله,36.1606,45.4202
3729640,بانه - سردشت (سردشت),573652,بانه - سردشت,36.150306,45.55875
3729641,مرز جلفا - سه راهي ايواغلي,573653,مرز جلفا - سه راهي ايواغلي,38.6914,45.2289
3729642,مرزکيله - سردشت,573655,مرزکيله - سردشت,36.1606,45.4202
3729643,سلماس - تسوج (سلماس),573701,سلماس - تسوج (سلماس),38.207507,44.825573
3729644,سلماس - سرو,573709,سلماس - سرو,38.1404,44.8933
3729645,تسوج - سلماس (سلماس),573751,تسوج - سلماس (سلماس),38.207507,44.825573
3729646,سرو - سلماس,573759,سرو - سلماس,38.1404,44.8933
3729647,سه‌راهي ايواغلي - ماکو (ايواغلي - قره ضياءالدين),573801,سه‌راهي ايواغلي - ماکو (ايواغلي - قره ضياءالدين),38.726805,45.218603
3729648,شاهين دژ - تکاب,573802,شاهين دژ - تکاب,36.6573028,46.5674833
3729649,شاهين دژ - بوکان,573803,شاهين دژ - بوکان,36.663557,46.528727
3729650,ماکو - سه‌راهي ايواغلي (قره ضياءالدين - ايواغلي),573851,ماکو - سه‌راهي ايواغلي (قره ضياءالدين - ايواغلي),38.726805,45.218603
3729651,تکاب - شاهين دژ,573852,تکاب - شاهين دژ,36.6573028,46.5674833
3729652,بوکان - شاهين دژ,573853,بوکان - شاهين دژ,36.663557,46.528727
3729653,مهاباد - اروميه (مهاباد - محمديار),573901,مهاباد - اروميه (مهاباد - محمديار),36.960819,45.589105
3729654,مياندوآب - مهاباد,573902,مياندوآب - مهاباد,36.90465,45.84017
3729655,مهاباد - سردشت (مهاباد),573903,مهاباد - سردشت,36.743281,45.682171
3729656,مهاباد - بوکان (مهاباد),573904,مهاباد - بوکان,36.8302,45.7811
3729657,درگه سنگ - محمديار (سه راهي محمديار) (متناظر توزين),573916,درگه سنگ - محمديار (سه راهي محمديار),36.981676,45.541092
9000255,,573917,ميرآباد - سردشت,36.2509183,45.495801
3729658,اروميه - مهاباد (محمديار - مهاباد),573951,اروميه - مهاباد (محمديار - مهاباد),36.960178,45.588443
3729659,مهاباد - مياندوآب,573952,مهاباد - مياندوآب,36.90465,45.84017
3729660,سردشت - مهاباد (مهاباد),573953,سردشت - مهاباد,36.743281,45.682171
3729661,بوکان - مهاباد (مهاباد),573954,بوکان - مهاباد,36.8302,45.7811
3729662,محمديار - درگه سنگ (سه راهي محمديار),573966,محمديار - درگه سنگ (سه راهي محمديار),36.981676,45.541092
9000256,,573967,سردشت - ميرآباد,36.2509183,45.495801
3729663,بازرگان - ماکو,574101,بازرگان - ماکو,39.367956,44.389337
3729670,مرگنلر - پلدشت,574102,مرگنلر - پلدشت,39.319947,45.074332
3729664,ماکو - سه‌راهي ايواغلي (ماکو - يولاگلدي) (متناظر توزين),574103,ماکو - سه‌راهي ايواغلي (ماکو - يولاگلدي),39.281991,44.7696
3729665,سه‌راهي ايواغلي - ماکو (مرگنلر - يولاگلدي),574104,سه‌راهي ايواغلي - ماکو (مرگنلر - يولاگلدي),39.287221,44.855667
3729666,سه‌راهي ايواغلي - ماکو (قره ضياءالدين - مرگنلر),574105,سه‌راهي ايواغلي - ماکو (قره ضياءالدين - مرگنلر),39.142277,44.953587
3729667,بازرگان - کمربندي ماکو,574106,بازرگان - کمربندي ماکو,39.3382,44.6107
3729668,پلدشت - جلفا (پلدشت),574107,پلدشت - جلفا (پلدشت),39.291799,45.107453
3729669,يولاگلدي - پلدشت,574108,يولاگلدي - پلدشت,39.312778,44.915556
3729670,مرگنلر - پلدشت,574111,مرگنلر - پلدشت,39.319947,45.074332
9000257,,574112,شوط - سه راهي شوط,39.2490714,44.7795224
3729671,چالدران - ماکو (کشمش تپه),574118,چالدران - ماکو (کشمش تپه),39.1132,44.3664
3729672,ماکو - بازرگان,574151,ماکو - بازرگان,39.367956,44.389337
3729679,پلدشت - مرگنلر,574152,پلدشت - مرگنلر,39.319947,45.074332
3729673,سه‌راهي ايواغلي - ماکو (يولاگلدي - ماکو),574153,سه‌راهي ايواغلي - ماکو (يولاگلدي - ماکو),39.281991,44.7696
3729674,ماکو - سه‌راهي ايواغلي (يولاگلدي - مرگنلر),574154,ماکو - سه‌راهي ايواغلي (يولاگلدي - مرگنلر),39.287221,44.855667
3729675,ماکو - سه‌راهي ايواغلي (مرگنلر - قره ضياءالدين),574155,ماکو - سه‌راهي ايواغلي (مرگنلر - قره ضياءالدين),39.142277,44.953587
3729676,کمربندي ماکو - بازرگان,574156,کمربندي ماکو - بازرگان,39.3382,44.6107
3729677,جلفا - پلدشت (پلدشت),574157,جلفا - پلدشت (پلدشت),39.291799,45.107453
3729678,پلدشت - يولاگلدي,574158,پلدشت - يولاگلدي,39.312778,44.915556
3729679,پلدشت - مرگنلر,574161,پلدشت - مرگنلر,39.319947,45.074332
9000258,,574162,سه راهي شوط - شوط,39.2490714,44.7795224
3729680,ماکو - چالدران (کشمش تپه),574168,ماکو - چالدران (کشمش تپه),39.1132,44.3664
3729681,مياندوآب - بوکان (مياندوآب),574301,مياندوآب - بوکان (مياندوآب),36.876216,46.142412
9000259,,574302,مياندوآب - شاهين‌دژ (مياندوآب),36.9520181,46.1545515
3729682,مياندوآب - ملکان (مياندوآب),574303,مياندوآب - ملکان (مياندوآب),36.988813,46.138353
3729683,مياندوآب - شاهين دژ (مياندوآب),574308,مياندوآب - شاهين دژ (مياندوآب),36.894542,46.278279
3729684,مياندوآب - باروق,574309,مياندوآب - باروق,36.958909,46.228128
3729685,باروق - میانه,574310,باروق - میانه,36.9507,46.3406
3729686,بوکان - مياندوآب (مياندوآب),574351,بوکان - مياندوآب (مياندوآب),36.876216,46.142412
9000260,,574352,شاهين‌دژ - مياندوآب (مياندوآب),36.9520181,46.1545515
3728615,ملکان - مياندوآب (ملکان),574353,ملکان - مياندوآب,37.109733,46.115089
3729687,شاهين دژ - مياندوآب (مياندوآب),574358,شاهين دژ - مياندوآب (مياندوآب),36.894543,46.27828
9000261,,574359,باروق - مياندوآب,37.1976723,47.4130547
3729688,میانه - باروق,574360,میانه - باروق,36.9507,46.3406
3729689,محمديار - نقده,574401,محمديار - نقده,36.963421,45.449446
3729690,نقده - پيرانشهر,574402,نقده - پيرانشهر,36.931614,45.316415
3729691,سه راهي حيدر آباد - نقده,574403,سه راهي حيدر آباد - نقده,37.0192,45.4179
3729692,نقده - اشنويه,574404,نقده - اشنويه,37.003096,45.329221
3729693,نقده - محمديار,574451,نقده - محمديار,36.963421,45.449446
3729694,پيرانشهر - نقده,574452,پيرانشهر - نقده,36.931614,45.316415
3729695,نقده - سه راهي حيدر آباد,574453,نقده - سه راهي حيدر آباد,37.0192,45.4179
3729696,اشنويه - نقده,574454,اشنويه - نقده,37.003096,45.329221
3729697,اشنويه - پيرانشهر (سه‌راهي جلديان),574501,اشنويه - پيرانشهر (سه‌راهي جلديان),36.861444,45.179389
3729698,اروميه - مهاباد (حيدرآباد - محمديار),574502,اروميه - مهاباد (حيدرآباد - محمديار),37.0078,45.527
3729699,پيرانشهر - اشنويه (سه‌راهي جلديان),574551,پيرانشهر - اشنويه (سه‌راهي جلديان),36.861444,45.179389
3729700,مهاباد - اروميه (محمديار - حيدرآباد),574552,مهاباد - اروميه (محمديار - حيدرآباد),37.0078,45.527
3729701,زاهدان - نصرت‌آباد,613101,زاهدان - نصرت‌آباد,29.577722,60.810139
3729702,زاهدان - مير جاوه,613102,زاهدان - مير جاوه,29.129514,61.315833
3729703,نصرت‌آباد - بم,613104,نصرت‌آباد - بم,29.851431,59.959489
3729704,زاهدان - سه‌راهي دشتک,613106,زاهدان - سه‌راهي دشتک,30.034361,60.861103
3729705,نصرت‌آباد - زاهدان,613151,نصرت‌آباد - زاهدان,29.577722,60.810139
3729706,مير جاوه - زاهدان,613152,مير جاوه - زاهدان,29.129514,61.315833
3729707,بم - نصرت‌آباد,613154,بم - نصرت‌آباد,29.851431,59.959489
3729708,سه‌راهي دشتک - زاهدان,613156,سه‌راهي دشتک - زاهدان,30.034361,60.861103
3729751,ايرانشهر - خاش (ايرانشهر),613201,ايرانشهر - خاش,27.2716,60.7267
3729752,سرباز - ايرانشهر (ايرانشهر),613202,سرباز - ايرانشهر,27.147859,60.77632
3729753,ايرانشهر - بمپور (ايرانشهر),613203,ايرانشهر - بمپور,27.20471,60.526165
3729754,بزمان - ايرانشهر (ايرانشهر),613204,بزمان - ايرانشهر,27.242,60.472
3729755,بمپور - گلمورتي (بمپور),613205,بمپور - گلمورتي,27.209429,60.335858
3729756,بزمان - محمدآباد ريگان (بزمان),613206,بزمان - محمدآباد ريگان (بزمان),27.864013,60.178166
3729757,بزمان - دلگان (دو راهي جبرآباد),613213,بزمان - دلگان (دو راهي جبرآباد),27.453497,59.728392
3729758,جلگه - بمپور,613214,جلگه - بمپور,27.119339,59.71754
3729759,راسک - لهاباد,613215,راسک - لهاباد,26.413187,61.291161
3729760,سرباز - مورتان (ورودي روستاي پشامگ),613216,سرباز - مورتان (ورودي روستاي پشامگ),26.374443,61.309428
3729761,جکيگور - قصرقند (روستاي هدار),613217,جکيگور - قصرقند (روستاي هدار),26.14734,61.438639
3729762,اسپکه - چانف,613218,اسپکه - چانف,26.839129,60.198526
3729763,ايرانشهر - زابلي,613219,ايرانشهر - زابلي,27.24044,60.858504
3729764,بمپور - اسپکه,613220,بمپور - اسپکه,27.17711,60.3795
3729765,دلگان - ذهکلوت(جيرفت),613221,دلگان - ذهکلوت(جيرفت),27.545392,59.401606
3729766,دلگان - جلگه ,613222,دلگان - جلگه ,27.48,59.43
3729709,زاهدان - پايانه مرزي ميرجاوه (ميل 72),613227,زاهدان - پايانه مرزي ميرجاوه (ميل 72),29.018614,61.495735
3729710,زاهدان - خاش (خاش),613236,زاهدان - خاش (خاش),28.248191,61.157569
3729711,زاهدان - چشمه زيارت,613237,زاهدان - چشمه زيارت,29.483715,60.771789
3729712,زاهدان- بم (کمربندي زاهدان),613240,زاهدان- بم (کمربندي زاهدان),29.510595,60.818823
3729713,زاهدان - خاش (بزرگراه خليج فارس),613242,زاهدان - خاش (بزرگراه خليج فارس),29.398558,60.820893
3729767,ايرانشهر - ايرندگان (سايگان),613243,ايرانشهر - ايرندگان (سايگان),27.434665,60.864181
3729768,ايرانشهر - نيکشهر,613244,ايرانشهر - نيکشهر,27.178031,60.506622
3729769,فنوج - اسپکه (روستاي نصرت آباد),613245,فنوج - اسپکه (روستاي نصرت آباد),26.66931,59.66087
3729770,اسپکه - نيکشهر,613246,اسپکه - نيکشهر,26.717676,60.158008
3729771,مومان - بندرتنگ,613247,مومان - بندرتنگ,25.496198,59.952477
3729772,زرآباد - درک,613248,زرآباد - درک,25.506023,59.44446
3729773,خاش - ايرانشهر (ايرانشهر),613251,خاش - ايرانشهر,27.2716,60.7267
3729774,ايرانشهر - سرباز (ايرانشهر),613252,ايرانشهر - سرباز,27.147859,60.77632
3729775,بمپور - ايرانشهر (ايرانشهر),613253,بمپور - ايرانشهر,27.20471,60.526165
3729776,ايرانشهر - بزمان (ايرانشهر),613254,ايرانشهر - بزمان,27.242,60.472
3729777,گلمورتي - بمپور (بمپور),613255,گلمورتي - بمپور,27.209429,60.335858
3729778,محمدآباد ريگان - بزمان (بزمان),613256,محمدآباد ريگان - بزمان (بزمان),27.864013,60.178166
3729779,دلگان - بزمان (دو راهي جبرآباد,613263,دلگان - بزمان (دو راهي جبرآباد,27.453497,59.728392
3729780,بمپور - جلگه,613264,بمپور - جلگه,27.119339,59.71754
3729781,لهاباد - راسک,613265,لهاباد - راسک,26.413187,61.291161
3729782,مورتان - سرباز (ورودي روستاي پشامگ),613266,مورتان - سرباز (ورودي روستاي پشامگ),26.374443,61.309428
3729783,قصرقند - جکيگور (روستاي هدار),613267,قصرقند - جکيگور (روستاي هدار),26.14734,61.438639
3729784,چانف - اسپکه,613268,چانف - اسپکه,26.839129,60.198526
3729785,زابلي - ايرانشهر,613269,زابلي - ايرانشهر,27.24044,60.858504
3729786,اسپکه - بمپور,613270,اسپکه - بمپور,27.17711,60.3795
3729787,ذهکلوت(جيرفت) - دلگان,613271,ذهکلوت(جيرفت) - دلگان,27.545392,59.401606
3729788,جلگه - دلگان,613272,جلگه - دلگان,27.48,59.43
3729714,پايانه مرزي ميرجاوه (ميل 72)- زاهدان,613277,پايانه مرزي ميرجاوه (ميل 72)- زاهدان,29.018614,61.495735
3729715,خاش - زاهدان (خاش) (متناظر توزين),613286,خاش - زاهدان (خاش) (متناظر توزين),28.248191,61.157569
3729716,چشمه زيارت - زاهدان,613287,چشمه زيارت - زاهدان,29.483715,60.771789
3729717,بم - زاهدان (کمربندي زاهدان),613290,بم - زاهدان (کمربندي زاهدان),29.510593,60.819013
3729718,خاش - زاهدان (بزرگراه خليج فارس),613292,خاش - زاهدان (بزرگراه خليج فارس),29.398558,60.820893
3729789,ايرندگان - ايرانشهر (سايگان),613293,ايرندگان - ايرانشهر (سايگان),27.434665,60.864181
3729790,نيکشهر - ايرانشهر,613294,نيکشهر - ايرانشهر,27.178031,60.506622
3729791,اسپکه - فنوج (روستاني نصرت آباد),613295,اسپکه - فنوج (روستاني نصرت آباد),26.66931,59.66087
3729792,نيکشهر - اسپکه,613296,نيکشهر - اسپکه,26.717676,60.158008
3729793,بندرتنگ - مومان,613297,بندرتنگ - مومان,25.496198,59.952477
3729794,درک - زرآباد,613298,درک - زرآباد,25.506023,59.44446
3729795,چابهار - راسک (چابهار),613301,چابهار - راسک,25.3545,60.813
3729796,کنارک - چابهار,613302,کنارک - چابهار,25.436827,60.440492
3729797,چابهار - زرآباد,613303,چابهار - زرآباد,25.5204722,60.2936667
3729798,زرآباد - ليردف,613304,زرآباد - ليردف,25.649522,59.340231
3729799,مرز ريمدان - چابهار,613305,مرز ريمدان - چابهار,25.562366,61.223353
3729800,سه راهي نگور - نگور,613306,سه راهي نگور - نگور,25.4128546,61.140726
3729801,چابهار - گواتر,613307,چابهار - گواتر,25.232631,60.915023
3729802,راسک - چابهار (چابهار),613351,راسک - چابهار,25.3545,60.813
3729803,چابهار - کنارک,613352,چابهار - کنارک,25.436827,60.440492
3729804,زرآباد - چابهار,613353,زرآباد - چابهار,25.5204722,60.2936667
3729805,ليردف - زرآباد,613354,ليردف - زرآباد,25.649522,59.340231
3729806,چابهار - مرز ريمدان,613355,چابهار - مرز ريمدان,25.562366,61.223353
3729807,نگور - سه راهي نگور,613356,نگور - سه راهي نگور,25.4128546,61.140726
3729808,گواتر - چابهار,613357,گواتر - چابهار,25.232631,60.915023
3729719,زاهدان - خاش (زاهدان),613401,زاهدان - خاش (زاهدان),29.371116,60.803005
3729720,خاش - سراوان,613402,خاش - سراوان,28.0756934,61.3512266
3729721,اسکل آباد - خاش,613407,اسکل آباد - خاش,28.433039,60.896648
3729722,خاش-ميرجاوه(سنگان),613410,خاش-ميرجاوه(سنگان),28.987526,61.438109
9000262,,613411,اسکل آباد - نوک آباد (بزمان),28.5587989,60.7927501
3729723,خاش - کارواندر,613414,خاش - کارواندر,28.09675,61.06619
3729724,خاش - زاهدان (زاهدان),613451,خاش - زاهدان,29.371116,60.803005
3729725,سراوان - خاش,613452,سراوان - خاش,28.0756934,61.3512266
3729726,خاش - اسکل آباد,613457,خاش - اسکل آباد,28.433039,60.896648
3729727,ميرجاوه-خاش(سنگان),613460,ميرجاوه-خاش(سنگان),28.987526,61.438109
9000263,,613461,نوک آباد - اسکل آباد (بزمان),28.5587989,60.7927501
3729728,کارواندر - خاش,613464,کارواندر - خاش,28.09675,61.06619
3729729,زابل - نهبندان (زابل),613502,زابل - نهبندان (زابل),31.033827,61.374422
3729730,سه راهي دشتک - زابل (شهر سوخته),613505,سه راهي دشتک - زابل (شهر سوخته),30.649362,61.401179
3729734,زابل - هيرمند (حيدرآباد),613506,زابل - هيرمند,31.094378,61.569169
3729731,زابل - سه راهي دشتک,613507,زابل - سه راهي دشتک,30.826697,61.433183
3729733,زابل-زهک,613508,زابل - زهک,30.99,61.59
3729732,زهک-مرز ميلک,613509,زهک-مرز ميلک,30.922402,61.663342
3729733,زابل-زهک,613510,زابل-زهک,30.99,61.59
3729734,زابل - هيرمند (حيدرآباد),613512,زابل - هيرمند (حيدرآباد),31.094378,61.569169
3729735,دوست محمد - زابل,613516,دوست محمد - زابل,31.063169,61.625882
3729736,نهبندان - زابل (زابل),613552,نهبندان - زابل (زابل),31.039722,61.374422
3729737,زابل - سه راهي دشتک (شهر سوخته),613555,زابل - سه راهي دشتک (شهر سوخته),30.649362,61.401179
3729741,هيرمند - زابل (حيدرآباد),613556,هيرمند - زابل,31.094378,61.569169
3729738,سه راهي دشتک - زابل,613557,سه راهي دشتک - زابل,30.826697,61.433183
3729740,زهک-زابل,613558,زهک - زابل,30.99,61.59
3729739,مرز ميلک-زهک,613559,مرز ميلک-زهک,30.922402,61.663342
3729740,زهک-زابل,613560,زهک-زابل,30.99,61.59
3729741,هيرمند - زابل (حيدرآباد),613562,هيرمند - زابل (حيدرآباد),31.094378,61.569169
3729742,زابل - دوست محمد,613566,زابل - دوست محمد,31.063169,61.625882
3729743,سراوان - کوهک,613601,سراوان - کوهک,27.118278,62.824833
9000264,,613604,مهرستان - سرباز,26.906457,61.604526
3729744,مهرستان - ايرانشهر,613605,مهرستان - ايرانشهر,27.100794,61.568457
3729745,خاش - سوران,613606,خاش - سوران,27.624633,61.540414
3729746,کوهک - سراوان,613651,کوهک - سراوان,27.118278,62.824833
9000265,,613654,سرباز - مهرستان,26.906457,61.604526
3729747,ايرانشهر - مهرستان,613655,ايرانشهر - مهرستان,27.100794,61.568457
3729748,سوران - خاش,613656,سوران - خاش,27.624633,61.540414
3729809,نيکشهر - چابهار,613701,نيکشهر - چابهار,25.876,60.1901
3729810,ايرانشهر - نيک شهر,613702,ايرانشهر - نيک شهر,26.343465,60.108916
3729811,نيکشهر - قصرقند,613703,نيکشهر - قصرقند,26.185761,60.5295584
3729812,نيکشهر(سه راهي نيکشهر) - چابهار(منطقه آزاد چابهار),613704,نيکشهر(سه راهي نيکشهر) - چابهار(منطقه آزاد چابهار),25.427443,60.643122
3729813,نيکشهر - بنت,613705,نيکشهر - بنت,26.267843,59.779886
3729814,فنوج - قلعه گنج,613706,فنوج - قلعه گنج,26.725855,59.121526
3729815,چابهار - نيک شهر,613751,چابهار - نيک شهر,25.876,60.1901
3729816,نيک شهر - ايرانشهر,613752,نيک شهر - ايرانشهر,26.343465,60.108916
3729817,قصرقند - نيکشهر,613753,قصرقند - نيکشهر,26.185761,60.529584
3729818,چابهار(منطقه آزاد چابهار) - نيکشهر(سه راهي نيکشهر),613754,چابهار(منطقه آزاد چابهار) - نيکشهر(سه راهي نيکشهر),25.427443,60.643122
3729819,بنت - نيکشهر,613755,بنت - نيکشهر,26.267843,59.779886
3729820,قلعه گنج - فنوج,613756,قلعه گنج - فنوج,26.725855,59.121526
3729821,مرز پيشين - سه راهي راسک,613801,مرز پيشين - سه راهي راسک,26.078395,61.68739
3729822,جكيگور - راسك,613802,جكيگور - راسك,26.158992,61.480322
9000266,,613803,کمربندي ايرانشهر(خاش - بمپور),27.2426305,60.6519878
3729823,سه راهي راسک - مرز پيشين,613851,سه راهي راسک - مرز پيشين,26.078395,61.68739
3729824,راسك - جكيگور,613852,راسك - جكيگور,26.158992,61.480322
9000267,,613853,کمربندي ايرانشهر (بمپور - خاش),27.2426305,60.6519878
3729749,زاهدان - نهبندان (سه‌راهي دشتک - سفيدآبه),615601,زاهدان - نهبندان (سه‌راهي دشتک - سفيدآبه),30.26003,60.85028
3729750,نهبندان - زاهدان (سفيدآبه - سه‌راهي دشتک),615651,نهبندان - زاهدان (سفيدآبه - سه‌راهي دشتک),30.26003,60.85028
9000268,,623604,مهرستان - سرباز,26.906457,61.604526
9000269,,623654,سرباز - مهرستان,26.906457,61.604526
9000270,,623803,کمربندي ايرانشهر(خاش - بمپور),27.2426305,60.6519878
9000271,,623853,کمربندي ايرانشهر (بمپور - خاش),27.2426305,60.6519878
3729825,آزادراه بندرعباس - عوارضي بندر شهيد رجايي,643101,آزادراه بندرعباس - عوارضي بندر شهيد رجايي,27.19256,56.21424
3729826,بندرعباس - سه‌راهي چاه اسماعيل,643104,بندرعباس - سه‌راهي چاه اسماعيل,27.36604,56.75063
3729827,بندرعباس - بندررجائي (تقاطع غير همسطح),643105,بندرعباس - بندررجائي (تقاطع غير همسطح),27.14392,56.09246
3729828,بندرعباس - دشت امام,643106,بندرعباس - دشت امام,27.392551,56.33658
3729829,بندرعباس - بندرپل,643107,بندرعباس - بندرپل,27.02751,55.73014
3729830,بندرعباس - حاجي‌آباد (دشت امام - فين),643108,بندرعباس - حاجي‌آباد (دشت امام - فين),27.60861,56.21785
3729831,بندرعباس - حاجي‌آباد (سه‌راهي فين - سر چاهان),643109,بندرعباس - حاجي‌آباد (سه‌راهي فين - سر چاهان),28.05148,55.87819
3729832,بندرعباس - لار (سه‌راهي کهورستان - سه‌راهي بستک),643110,بندرعباس - لار (سه‌راهي کهورستان - سه‌راهي بستک),27.22149,55.55588
3729833,بندرلنگه - پارسيان,643111,بندرلنگه - پارسيان,27.12021,53.32152
3729834,سه‌راهي چاه اسماعيل - سه‌راهي فارياب,643112,سه‌راهي چاه اسماعيل - سه‌راهي فارياب,27.39211,56.91985
3729835,حاجي‌آباد - سيرجان (باغات),643113,حاجي‌آباد - سيرجان (باغات),28.65928,55.82662
3729836,جاسک - ليردف,643116,جاسک - ليردف,25.69243,57.85716
3729837,سه راه بندرپل - بندرپل,643126,سه راه بندرپل - بندرپل,26.99032,55.75153
3729838,آزادراه ايسين - دشت امام,643127,آزادراه ايسين - دشت امام,27.32184,56.3035
3729839,گچين - خونسرخ,643128,گچين - خونسرخ,27.06575,55.9599
3729840,حاجي‌آباد - ارزوئيه (حاجي‌آباد),643129,حاجي‌آباد - ارزوئيه (حاجي‌آباد),28.31788,55.93106
3729841,سه راهي خونسرخ - اسکله شهيد رجايي,643130,سه راهي خونسرخ - اسکله شهيد رجايي,27.14099,56.08574
3729842,سه راه بابا غلام - بندرعباس,643144,سه راه بابا غلام - بندرعباس,27.307741,56.331333
3729843,سه‌راه بابا غلام - هورمودر,643145,سه‌راه بابا غلام - هورمودر,27.307741,56.331333
3729844,قشم - درگهان,643146,قشم - درگهان,26.98421,56.17764
3729845,آزادراه عوارضي بندر شهيد رجايي - بندرعباس,643151,آزادراه عوارضي بندر شهيد رجايي - بندرعباس,27.19256,56.21424
3729846,سه‌راهي چاه اسماعيل - بندرعباس,643154,سه‌راهي چاه اسماعيل - بندرعباس,27.36604,56.75063
3729847,بندررجائي - بندرعباس (تقاطع غير همسطح),643155,بندررجائي - بندرعباس (تقاطع غير همسطح),27.14392,56.09246
3729848,دشت امام - بندرعباس,643156,دشت امام - بندرعباس,27.392551,56.33658
3729849,بندرپل - بندرعباس,643157,بندرپل - بندرعباس,27.02751,55.73014
3729850,حاجي‌آباد - بندرعباس (فين - دشت امام),643158,حاجي‌آباد - بندرعباس (فين - دشت امام),27.60861,56.21785
3729851,حاجي‌آباد - بندرعباس (سرچاهان - سه‌راهي فين),643159,حاجي‌آباد - بندرعباس (سرچاهان - سه‌راهي فين),28.05148,55.87819
3729852,لار - بندرعباس (سه‌راهي بستک - سه‌راهي کهورستان),643160,لار - بندرعباس (سه‌راهي بستک - سه‌راهي کهورستان),27.22149,55.55588
3729853,پارسيان - بندر لنگه,643161,پارسيان - بندر لنگه,27.12021,53.32152
3729854,سه‌راهي فارياب - سه‌راهي چاه اسماعيل,643162,سه‌راهي فارياب - سه‌راهي چاه اسماعيل,27.39211,56.91985
3729855,سيرجان - حاجي‌آباد (باغات),643163,سيرجان - حاجي‌آباد (باغات),28.65928,55.82662
3729856,ليردف - جاسک,643166,ليردف - جاسک,25.69243,57.85716
3729857,بندر پل - سه راه بندرپل,643176,بندر پل - سه راه بندرپل,26.99032,55.75153
3729858,آزادراه دشت امام - ايسين,643177,آزادراه دشت امام - ايسين,27.32184,56.3035
3729859,خونسرخ - گچين,643178,خونسرخ - گچين,27.06575,55.9599
3729860,ارزوئيه - حاجي‌آباد (حاجي‌آباد),643179,ارزوئيه - حاجي‌آباد (حاجي‌آباد),28.31788,55.93106
3729861,اسکله شهيد رجايي - سه راهي خونسرخ,643180,اسکله شهيد رجايي - سه راهي خونسرخ,27.14099,56.08574
3729862,بندرعباس - سه راه بابا غلام,643194,بندرعباس - سه راه بابا غلام,27.28954,56.34015
3729863,هورمودر - سه‌راه بابا غلام,643195,هورمودر - سه‌راه بابا غلام,27.32363,56.32151
3729864,درگهان - قشم,643196,درگهان - قشم,26.98421,56.17764
3729865,ميناب - جاسک,643202,ميناب - جاسک,27.02563,57.07719
3729866,جاسک - ميناب (سيريک),643227,جاسک - ميناب (سيريک),26.480485,57.154594
3729867,ايسين - کهورستان,643228,ايسين - کهورستان,27.309787,56.038211
3729868,بندرعباس - ايسين(راه آهن),643231,بندرعباس - ايسين(راه آهن),27.263923,56.247148
3729869,بشاگرد - قلع گنچ,643232,بشاگرد - قلع گنچ,26.608601,57.894196
3729870,بشاگرد - سندرک,643233,بشاگرد - سندرک,26.432856,57.73916
3729871,جاسک - ميناب,643252,جاسک - ميناب,27.02563,57.07719
3729872,ميناب - جاسک (سيريک),643277,ميناب - جاسک (سيريک),26.480485,57.154594
3729873,کهورستان - ايسين,643278,کهورستان - ايسين,27.309787,56.038211
3729874,ايسين - بندرعباس(راه آهن),643281,ايسين - بندرعباس(راه آهن),27.263923,56.247148
3729875,قلع گنج - بشاگرد,643282,قلع گنج - بشاگرد,26.608601,57.894196
3729876,سندرک - بشاگرد,643283,سندرک - بشاگرد,26.432856,57.73916
3729877,بندرخمير - بندرلنگه,643301,بندرخمير - بندرلنگه,26.94948,55.53411
3729878,پارسيان - عسلويه (پارسيان - بندو),643302,پارسيان - عسلويه,27.25886,52.96797
3729879,سه راهي چارک - بندرچارک,643303,سه راهي چارک - بندرچارک,26.7927,54.30285
3729880,بندرلنگه - سه راهي چارک,643304,بندرلنگه - سه راهي چارک,26.52132,54.62725
3729881,لامرد - سه راهي چهوو,643305,لامرد - سه راهي چهوو,27.08387,53.48154
3729882,بندرمقام - سه راهي چهوو,643306,بندرمقام - سه راهي چهوو,26.966297,53.488314
3729883,پارسيان - بندر بستانو,643307,پارسيان - بندر بستانو,27.181305,53.045539
3729884,بندرلنگه - بندر خمير,643351,بندرلنگه - بندر خمير,26.94948,55.53411
3729885,عسلويه - پارسيان (بندو - پارسيان),643352,عسلويه - پارسيان,27.25886,52.96797
3729886,بندرچارک - سه راهي چارک,643353,بندرچارک - سه راهي چارک,26.7927,54.30285
3729887,سه راهي چارک - بندرلنگه,643354,سه راهي چارک - بندرلنگه,26.52132,54.62725
3729888,سه راهي چهوو - لامرد,643355,سه راهي چهوو - لامرد,27.08387,53.48154
3729889,سه راهي چهوو - بندرمقام,643356,سه راهي چهوو - بندرمقام,26.966297,53.488314
3729890,بندربستانو - پارسيان,643357,بندربستانو - پارسيان,27.181305,53.045539
3729891,سه راهي گهگم - داراب,643501,سه راهي گهگم - داراب,28.17272,55.73041
3729892,سه راهي گهکم - حاجي آباد,643504,سه راهي گهکم - حاجي آباد,28.19665,55.81846
3729893,داراب - سه راهي گهگم,643551,داراب - سه راهي گهگم,28.17272,55.73041
3729894,حاجي آباد - سه راهي گهکم (متناظر توزين),643554,حاجي آباد - سه راهي گهکم,28.19665,55.81846
3729895,منوجان - دهبارز (دهبارز),643601,منوجان - دهبارز,27.46067,57.20306
3729896,سه راهي فارياب - زيارتعلي,643602,سه راهي فارياب - زيارتعلي,27.45518,57.09679
3729371,زيارتعلي - فارياب,643603,زيارتعلي - فارياب,28.057983,57.204062
3729898,دهبارز - منوجان,643604,دهبارز - منوجان,27.471192,57.276026
3729899,رهدار - زيارت پيرچوگان,643605,رهدار - زيارت پيرچوگان,27.626978,57.067937
3729900,دهبارز - منوجان (دهباز),643651,دهبارز - منوجان (دهباز),27.46067,57.20306
3729901,زيارتعلي - سه راهي فارياب,643652,زيارتعلي - سه راهي فارياب,27.45518,57.09679
3729355,فارياب - زيارتعلي,643653,فارياب - زيارتعلي,28.057983,57.204062
3729895,منوجان - دهبارز (دهبارز),643654,منوجان - دهبارز,27.46067,57.20306
3729904,زيارت پيرچوگان - رهدار,643655,زيارت پيرچوگان - رهدار,27.626978,57.067937
3729905,لافت - درگهان,643701,لافت - درگهان,26.9005,55.93006
3729906,درگهان - لافت,643751,درگهان - لافت,26.9005,55.93006
3729907,سه‌راهي چاه اسماعيل - ميناب,643802,سه‌راهي چاه اسماعيل - ميناب,27.24544,57.04606
3729908,ميناب - بندرعباس (پل شور) (متناظر توزين),643805,ميناب - بندرعباس (پل شور),27.32625,56.46461
3729909,هشتبندي - فارياب,643806,هشتبندي - فارياب,27.222943,57.485715
3729910,ميناب - بشاگرد,643807,ميناب - بشاگرد,27.010711,57.148355
3729911,ميناب - سه‌راهي چاه اسماعيل,643852,ميناب - سه‌راهي چاه اسماعيل,27.24544,57.04606
3729912,فارياب - هشتبندي,643856,فارياب - هشتبندي,27.222943,57.485715
3729913,بشاگرد - ميناب,643857,بشاگرد - ميناب,27.010711,57.148355
3729914,بستک - سه راه بندر لنگه,643901,بستک - سه راه بندر لنگه,26.65929,54.88972
3729915,بستک - لار (بستک),643902,بستک - لار (بستک),27.2108,54.3809
3729916,سه راه بندر لنگه - بستک,643951,سه راه بندر لنگه - بستک,26.65929,54.88972
3729917,لار - بستک (بستک),643952,لار - بستک (بستک),27.2108,54.3809
3729918,زنجان - بيجار (زنجان - زرين‌آباد),673101,زنجان - بيجار (زنجان - زرين‌آباد),36.4926,48.3586
3729919,زنجان - ميانه (نيک‌پي - سرچم),673102,زنجان - ميانه (نيک‌پي - سرچم),37.0323,47.9989
3729920,زنجان - خرمدره (سلطانيه - صائين قلعه),673103,زنجان - خرمدره (سلطانيه - صائين قلعه),36.4242,48.8789
3729921,زنجان - دندي,673104,زنجان - دندي,36.615578,48.276502
3729922,آزادراه زنجان - تبريز (عوارضي زنجان),673105,آزادراه زنجان - تبريز (عوارضي زنجان),36.6671,48.4121
3729923,آزادراه زنجان - قزوين (زنجان - سلطانيه) (متناظر توزين),673106,آزادراه زنجان - قزوين (زنجان - سلطانيه) (متناظر توزين),36.60014,48.67344
3729924,زنجان - طارم (ذاکر),673107,زنجان - طارم (ذاکر),36.601672,48.688025
3729925,زنجان - فرودگاه (پل سارمساقلو),673108,زنجان - فرودگاه (پل سارمساقلو),36.7622,48.4106
3729926,زنجان - طارم (تهم),673109,زنجان - طارم (تهم),36.811906,48.588332
3729927,سه‌راهي نيک‌پي - ماهنشان (بعد از سه‌راهي),673110,سه‌راهي نيک‌پي - ماهنشان (بعد از سه‌راهي),36.8444,48.1338
3729928,آزادراه زنجان - قزوين (صائين قلعه - خرمدره),673112,آزادراه زنجان - قزوين (صائين قلعه - خرمدره),36.255202,49.196081
3729929,زنجان - ميانه (زنجان - نيک‌پي),673113,زنجان - ميانه (زنجان - نيک‌پي),36.7054,48.3842
3729930,زنجان - خرمدره (قبل از پليس راه) (متناظر توزين),673122,زنجان - خرمدره (قبل از پليس راه ),36.6396,48.57743
3729931,قيدار - اردلان (مرز استان),673123,قيدار - اردلان (مرز استان),35.99502,48.70592
3729932,قيدار - بيجار (مرز استان),673124,قيدار - بيجار (مرز استان),35.982268,48.012578
3729933,طارم - خلخال (مرز استان),673125,طارم - خلخال (مرز استان),37.08906,48.719252
9000272,,673126,طارم - ماسوله (مرز استان),37.1702172,48.9187396
3729934,ابهر - نيکوئيه (مرز استان),673127,ابهر - نيکوئيه (مرز استان),36.169237,49.314591
3729935,بيجار - زنجان (زرين‌آباد - زنجان),673151,بيجار - زنجان (زرين‌آباد - زنجان),36.4926,48.3586
3729936,ميانه - زنجان (سرچم - نيک‌پي),673152,ميانه - زنجان (سرچم - نيک‌پي),37.0323,47.9989
3729937,خرمدره - زنجان (صائين قلعه - سلطانيه),673153,خرمدره - زنجان (صائين قلعه - سلطانيه),36.4242,48.8789
3729938,دندي - زنجان,673154,دندي - زنجان,36.615578,48.276502
3729939,آزادراه تبريز - زنجان (عوارضي زنجان),673155,آزادراه تبريز - زنجان (عوارضي زنجان),36.6671,48.4121
3729940,آزادراه قزوين - زنجان (سلطانيه - زنجان),673156,آزادراه قزوين - زنجان (سلطانيه - زنجان),36.599347,48.674743
3729941,طارم - زنجان (ذاکر),673157,طارم - زنجان (ذاکر),36.601672,48.688025
3729942,فرودگاه - زنجان (پل سارمساقلو),673158,فرودگاه - زنجان (پل سارمساقلو),36.7622,48.4106
3729943,طارم - زنجان (تهم),673159,طارم - زنجان (تهم),36.811906,48.588332
3729944,ماهنشان - سه‌راهي نيک‌پي (بعد از سه‌راهي),673160,ماهنشان - سه‌راهي نيک‌پي (بعد از سه‌راهي),36.8444,48.1338
3729945,آزادراه قزوين - زنجان (خرمدره - صائين قلعه),673162,آزادراه قزوين - زنجان (خرمدره - صائين قلعه),36.255202,49.196081
3729946,ميانه - زنجان (نيک‌پي - زنجان),673163,ميانه - زنجان (نيک‌پي - زنجان),36.7054,48.3842
3729947,خرمدره - زنجان (قبل از پليس راه),673172,خرمدره - زنجان (قبل از پليس راه),36.6396,48.57743
3729948,اردلان - قيدار (مرز استان),673173,اردلان - قيدار (مرز استان),35.99502,48.70592
3729949,بيجار - قيدار (مرز استان),673174,بيجار - قيدار (مرز استان),35.982268,48.012578
3729950,خلخال - طارم (مرز استان),673175,خلخال - طارم (مرز استان),37.08906,48.719252
9000273,,673176,ماسوله - طارم (مرز استان),37.1702172,48.9187396
3729951,نيکوئيه - ابهر (مرز استان),673177,نيکوئيه - ابهر (مرز استان),36.169237,49.314591
3729952,زنجان - بيجار (زرين‌آباد - بيجار),673201,زنجان - بيجار (زرين‌آباد - بيجار),36.290064,48.055631
3729953,آزادراه زنجان - تبريز (بين دو عوارضي زنجان),673210,آزادراه زنجان - تبريز (بين دو عوارضي زنجان),36.646342,48.509473
3729954,"عوارضي آزادراه قزوين،زنجان - ابهر (مجموع گيت ها)",673218,"عوارضي آزادراه قزوين،زنجان - ابهر (مجموع گيت ها)",36.163933,49.26449
3729955,"عوارضي آزادراه قزوين،زنجان - خرمدره (مجموع گيت ها)",673221,"عوارضي آزادراه قزوين،زنجان - خرمدره (مجموع گيت ها)",36.238701,49.216958
3729956,زنجان - بيجار,673222,زنجان - بيجار,36.614677,48.402926
3729957,جاده قديم زنجان - ميانه(انتهاي حوزه),673230,جاده قديم زنجان - ميانه(انتهاي حوزه),37.1356,47.808
3729921,زنجان - دندي,673231,زنجان - دندي,36.615578,48.276502
3729959,بيجار - زنجان (بيجار - زرين‌آباد),673251,بيجار - زنجان (بيجار - زرين‌آباد),36.290064,48.055631
3729960,آزادراه تبريز - زنجان (بين دو عوارضي زنجان),673260,آزادراه تبريز - زنجان (بين دو عوارضي زنجان),36.646342,48.509473
3729961,"عوارضي ابهر - آزادراه قزوين،زنجان (مجموع گيت ها)",673268,"عوارضي ابهر - آزادراه قزوين،زنجان (مجموع گيت ها)",36.163933,49.26449
3729962,"عوارضي خرمدره - آزادراه قزوين،زنجان (مجموع گيت ها)",673271,"عوارضي خرمدره - آزادراه قزوين،زنجان (مجموع گيت ها)",36.238701,49.216958
3729963,بيجار - زنجان (متناظر توزين),673272,بيجار - زنجان (متناظر توزين),36.614677,48.402926
3729964,جاده قديم ميانه - زنجان(انتهاي حوزه),673280,جاده قديم ميانه - زنجان(انتهاي حوزه),37.1356,47.808
3729965,دندي - زنجان (متناظر توزين),673281,دندي - زنجان (متناظر توزين),36.53022,47.66619
3729966,گيلوان - منجيل,673301,گيلوان - منجيل,36.7732,49.1849
3729967,منجيل - گيلوان,673351,منجيل - گيلوان,36.7732,49.1849
3729968,آزادراه زنجان - تبريز (سرچم - مرز استان),673401,آزادراه زنجان - تبريز (سرچم - مرز استان),37.127041,47.790951
3728608,سرچم - اردبيل (سرچم),673402,سرچم - اردبيل,37.152919,47.965919
3729620,دندي - تکاب,673403,دندي - تکاب,36.615649,47.167243
3729970,آزادراه زنجان - تبريز (نيک‌پي - سرچم),673404,آزادراه زنجان - تبريز (نيک‌پي - سرچم),36.9658,48.0803
3729971,"عوارضي آزادراه زنجان،تبريز - سرچم (مجموع گيت ها)",673409,"عوارضي آزادراه زنجان،تبريز - سرچم (مجموع گيت ها)",37.107921,47.912171
3729972,مانشان - نيک پي,673410,مانشان - نيک پي,36.681707,47.742303
3729973,آزادراه تبريز - زنجان (مرز استان - سرچم),673451,آزادراه تبريز - زنجان (مرز استان - سرچم),37.127041,47.790951
3728611,اردبيل - سرچم (سرچم),673452,اردبيل - سرچم,37.152919,47.965919
3729618,تکاب - دندي,673453,تکاب - دندي,36.615649,47.167243
3729975,آزادراه تبريز - زنجان (سرچم - نيک‌پي),673454,آزادراه تبريز - زنجان (سرچم - نيک‌پي),36.9658,48.0803
3729976,"عوارضي سرچم - آزادراه زنجان،تبريز (مجموع گيت ها)",673459,"عوارضي سرچم - آزادراه زنجان،تبريز (مجموع گيت ها)",37.107264,47.911885
3729977,نيک پي - ماهنشان,673460,نيک پي - ماهنشان,36.681707,47.742303
3729978,آزادراه زنجان - قزوين (ابهر - مرز استان),673501,آزادراه زنجان - قزوين (ابهر - مرز استان),36.16125,49.27442
3729979,زنجان - سلطانيه (سلطانيه),673502,زنجان - سلطانيه,36.4628,48.7972
3729980,ابهر - تاکستان (ابهر),673503,ابهر - تاکستان (ابهر),36.0841,49.348
3729981,آزادراه زنجان - قزوين (سلطانيه - صائين قلعه),673504,آزادراه زنجان - قزوين (سلطانيه - صائين قلعه),36.434113,48.906269
3729982,ابهر - خرمدره کمربندي,673505,ابهر - خرمدره کمربندي,36.2317,49.17881
3729983,آزادراه قزوين - زنجان (مرز استان - ابهر),673551,آزادراه قزوين - زنجان (مرز استان - ابهر),36.16125,49.27442
3729984,سلطانيه - زنجان (سلطانيه),673552,سلطانيه - زنجان,36.4628,48.7972
3729985,تاکستان - ابهر (ابهر),673553,تاکستان - ابهر (ابهر),36.0841,49.348
3729986,آزادراه قزوين - زنجان (صائين قلعه - سلطانيه),673554,آزادراه قزوين - زنجان (صائين قلعه - سلطانيه),36.434113,48.906269
3729987,کمربندي خرمدره - ابهر,673555,کمربندي خرمدره - ابهر,36.2317,49.17881
3729988,خرمدره - ابهر,673601,خرمدره - ابهر,36.1852,49.22078
3729989,زنجان - خرمدره (صائين قلعه - خرمدره),673602,زنجان - خرمدره (صائين قلعه - خرمدره),36.277737,49.128171
3729990,زنجان - خرمدره,673603,زنجان - خرمدره,36.619786,48.623149
3729991,ابهر - خرمدره,673651,ابهر - خرمدره,36.1852,49.2181
3729992,خرمدره - زنجان (خرمدره - صائين قلعه),673652,خرمدره - زنجان (خرمدره - صائين قلعه),36.277737,49.128171
3729993,خرمدره - زنجان (متناظر توزين),673653,خرمدره - زنجان (متناظر توزين),36.619786,48.623149
3729994,خدابنده - ابهر (خدابنده),673701,خدابنده - ابهر (خدابنده),36.12565,48.65985
3729995,خدابنده - زرين رود,673702,خدابنده - زرين رود,35.8366,48.5358
3729996,خدابنده - بيجار (خورخوره),673703,خدابنده - بيجار (خورخوره),36.0637,48.5732
3729997,خدابنده - سلطانيه (دهجلال),673704,خدابنده - سلطانيه (دهجلال),36.3163,48.6992
3729998,زرينه رود - گرماب,673705,زرينه رود - گرماب,35.767975,48.489348
3729999,ابهر - خدابنده (خدابنده),673751,ابهر - خدابنده (خدابنده),36.12565,48.65985
3730000,زرين رود - خدابنده,673752,زرين رود - خدابنده,35.8366,48.5358
3730001,بيجار - خدابنده (خورخوره),673753,بيجار - خدابنده (خورخوره),36.0637,48.5732
3730002,سلطانيه - خدابنده (دهجلال),673754,سلطانيه - خدابنده (دهجلال),36.3163,48.6992
3730003,گرماب - زرينه رود,673755,گرماب - زرينه رود,35.767975,48.489348
3730004,کرمانشاه - بيستون,713101,کرمانشاه - بيستون,34.358133,47.376378
3730005,کرمانشاه - قزانچي,713102,کرمانشاه - قزانچي,34.420553,47.040158
3730006,کرمانشاه - ماهیدشت,713103,کرمانشاه - ماهیدشت,34.279572,46.842761
3730007,قزانچي - روانسر (نوروزآباد),713104,قزانچي - روانسر (نوروزآباد),34.452639,47.002633
3730008,کرمانشاه - کوزران,713105,کرمانشاه - کوزران,34.389503,46.956174
3730009,کنارگذر شرقي کرمانشاه (بيستون - اسلام آباد),713106,کنارگذر شرقي کرمانشاه (بيستون - اسلام آباد),34.274358,47.125106
3730010,ماهيدشت - اسلام آباد,713107,ماهيدشت - اسلام آباد,34.207272,46.670553
3730011,روانسر - سه راهي نهرابي,713108,روانسر - سه راهي نهرابي,34.6712,46.571429
3730012,کوزران - گهواره,713109,کوزران - گهواره,34.487756,46.578066
3730013,کوزران - سه راهي نهرابي,713110,کوزران - سه راهي نهرابي,34.623801,46.581462
3730014,کرمانشاه - عين الکش,713111,کرمانشاه - عين الکش,34.291698,46.921436
3730015,کرمانشاه - پل پایانه,713112,کرمانشاه - پل پایانه,34.3527896,47.2178442
3730016,بيستون - کرمانشاه,713151,بيستون - کرمانشاه,34.358133,47.376378
3730017,قزانچي - کرمانشاه,713152,قزانچي - کرمانشاه,34.420553,47.040158
3730018,ماهيدشت - کرمانشاه (متناظر توزين),713153,ماهيدشت - کرمانشاه (متناظر توزين),34.279572,46.842761
3730019,روانسر - قزانچي (نوروزآباد),713154,روانسر - قزانچي (نوروزآباد),34.452639,47.002633
3730020,کوزران - کرمانشاه,713155,کوزران - کرمانشاه,34.389503,46.956174
3730021,کنارگذر شرقي کرمانشاه (اسلام آباد - بيستون),713156,کنارگذر شرقي کرمانشاه (اسلام آباد - بيستون),34.274358,47.125106
3730022,اسلام آباد - ماهيدشت,713157,اسلام آباد - ماهيدشت,34.207272,46.670553
3730023,سه راهي نهرابي - روانسر,713158,سه راهي نهرابي - روانسر,34.6712,46.571429
3730024,گهواره - کوزران,713159,گهواره - کوزران,34.487756,46.578066
3730025,سه راهي نهرابي - کوزران,713160,سه راهي نهرابي - کوزران,34.623801,46.581462
3730026,عين الکش - کرمانشاه,713161,عين الکش - کرمانشاه,34.291698,46.921436
3730027,پل پایانه - کرمانشاه,713162,پل پایانه - کرمانشاه,34.3527896,47.2178442
3730028,حميل - اسلام آباد,713201,حميل - اسلام آباد,34.0354556,46.627567
3730029,اسلام آباد - دالاهو,713202,اسلام آباد - دالاهو,34.147558,46.419414
3730030,اسلام‌آباد - ايوان (اسلام‌آباد - سرمست),713203,اسلام‌آباد - ايوان (اسلام‌آباد - سرمست),34.033067,46.340675
3730031,سه راهي حميل - سرابله,713204,سه راهي حميل - سرابله,33.922569,46.779886
3730032,کرمانشاه - هلشي,713205,کرمانشاه - هلشي,34.23128,47.05659
3730033,کمربندي غربي کرمانشاه (قزانچي - اسلام آباد),713222,کمربندي غربي کرمانشاه (قزانچي - اسلام آباد),34.372867,46.934813
3730034,کرمانشاه - کامياران (قزانچي),713238,کرمانشاه - کامياران (قزانچي),34.467373,47.009437
3730035,کرمانشاه - کامياران (برنجان),713239,کرمانشاه - کامياران (برنجان),34.669444,46.898639
3730036,حميل - پلدختر (متناظر توزين),713240,حميل - پلدختر (متناظر توزين),33.923135,46.788696
3730037,اسلام آباد - حميل,713251,اسلام آباد - حميل,34.0354556,46.627567
3730038,دالاهو - اسلام آباد,713252,دالاهو - اسلام آباد,34.147558,46.419414
3730039,ايوان - اسلام‌آباد (سرمست - اسلام‌آباد),713253,ايوان - اسلام‌آباد (سرمست - اسلام‌آباد),34.033067,46.340675
3730040,سرابله - سه راهي حميل,713254,سرابله - سه راهي حميل,33.922569,46.779886
3730041,هلشي - کرمانشاه,713255,هلشي - کرمانشاه,34.23128,47.05659
3730042,کمربندي غربي کرمانشاه (اسلام آباد - قزانچي),713272,کمربندي غربي کرمانشاه (اسلام آباد - قزانچي),34.372867,46.934813
3730043,کامياران - کرمانشاه (قزانچي) (متناظر توزين),713288,کامياران - کرمانشاه (قزانچي) (متناظر توزين),34.467373,47.009437
3730044,کامياران - کرمانشاه (برنجان),713289,کامياران - کرمانشاه (برنجان),34.669444,46.898639
3730045,پلدختر - حميل,713290,پلدختر - حميل,33.923135,46.788696
3730046,نوسود - پايانه مرزي گمرک نوسود,713301,نوسود - پايانه مرزي گمرک نوسود,35.17202,46.20223
3730047,پاوه - نوسود,713302,پاوه - نوسود,35.057936,46.345753
3730048,شيخ صله - پايانه شيخ صله,713304,شيخ صله - پايانه شيخ صله,34.97281,45.91874
3730049,پايانه مرزي گمرک نوسود - نوسود,713351,پايانه مرزي گمرک نوسود - نوسود,35.17202,46.20223
3730050,نوسود - پاوه,713352,نوسود - پاوه,35.057936,46.345753
3730051,پايانه شيخ صله - شيخ صله,713354,پايانه شيخ صله - شيخ صله,34.97281,45.91874
3730052,روانسر - پاوه (سه‌راهي بپاپوش),713401,روانسر - پاوه (سه‌راهي بپاپوش),34.851831,46.532933
3730053,روانسر - پاوه (روانسر),713402,روانسر - پاوه (روانسر),34.734874,46.639305
3730054,سه راهي بياشوش - جوانرود,713403,سه راهي بياشوش - جوانرود,34.8044,46.578732
3730055,جوانرود - ثلاث باباجاني,713404,جوانرود - ثلاث باباجاني,34.789346,46.448373
3730056,ثلاث باباجاني - شيخ صله,713405,ثلاث باباجاني - شيخ صله,34.752244,46.144446
3730057,روانسر - کامياران (مرز استان),713406,روانسر - کامياران (مرز استان),34.727161,46.674009
3730058,پاوه - روانسر (سه‌راهي بپاپوش),713451,پاوه - روانسر (سه‌راهي بپاپوش),34.851831,46.532933
3730059,پاوه - روانسر (روانسر),713452,پاوه - روانسر (روانسر),34.734874,46.639305
3730060,جوانرود - سه راهي بياشوش,713453,جوانرود - سه راهي بياشوش,34.8044,46.578732
3730061,ثلاث باباجاني - جوانرود,713454,ثلاث باباجاني - جوانرود,34.789346,46.448373
3730062,شيخ صله - ثلاث باباجاني,713455,شيخ صله - ثلاث باباجاني,34.752244,46.144446
3730063,کامياران - روانسر (مرز استان),713456,کامياران - روانسر (مرز استان),34.727161,46.674009
3730064,سرپل ذهاب - قصر شيرين,713501,سرپل ذهاب - قصر شيرين,34.531381,45.609881
3730065,سرپل ذهاب - ثلاث,713502,سرپل ذهاب - ثلاث,34.477319,45.820619
3730066,سرپل ذهاب - گيلان غرب,713503,سرپل ذهاب - گيلان غرب,34.348022,45.868281
3730067,سرپل ذهاب - سه راهي ريجاب,713506,سرپل ذهاب - سه راهي ريجاب,34.438694,45.92168
3730068,قصرشيرين - سرپل ذهاب,713551,قصرشيرين - سرپل ذهاب,34.531381,45.609881
3730069,ثلاث سرپل ذهاب,713552,ثلاث سرپل ذهاب,34.477319,45.820619
3730070,گيلان غرب - سرپل ذهاب,713553,گيلان غرب - سرپل ذهاب,34.348022,45.868281
3730071,سه راهي ريجاب - سرپل ذهاب,713556,سه راهي ريجاب - سرپل ذهاب,34.438694,45.92168
3730072,بيستون - ميان راهان,713601,بيستون - ميان راهان,34.474722,47.421111
3730073,سنقر - قروه,713602,سنقر - قروه,34.812253,47.644958
3730074,سنقر - کامياران,713603,سنقر - کامياران,34.7865,47.55609
3730075,سنقر - اسدآباد,713604,سنقر - اسدآباد,34.76184,47.65647
3730076,اسد آباد - کنگاور (مرز استان),713605,اسد آباد - کنگاور (مرز استان),34.5767802,48.0346533
3730077,ميان راهان - بيستون,713651,ميان راهان - بيستون,34.474655,47.421653
3730078,قروه سنقر,713652,قروه سنقر,34.812253,47.644958
3730079,کامياران - سنقر,713653,کامياران - سنقر,34.7865,47.55609
3730080,اسدآباد - سنقر,713654,اسدآباد - سنقر,34.76184,47.65647
3730081,کنگاور - اسد آباد (مرز استان),713655,کنگاور - اسد آباد (مرز استان),34.5767802,48.0346533
3730082,دالاهو - سرپل ذهاب,713701,دالاهو - سرپل ذهاب,34.334854,46.139813
3730083,قصر شيرين - سرپل ذهاب (جاده دوم),713702,قصر شيرين - سرپل ذهاب (جاده دوم),34.520006,45.629889
3730084,قصرشيرين - گيلانغرب,713703,قصرشيرين - گيلانغرب,34.145194,45.904575
9000274,,713704,قصرشيرين - پرويزخان,34.5429391,45.5873609
3730085,قصرشيرين - پايانه مرزي خسروي,713705,قصرشيرين - پايانه مرزي خسروي,34.393326,45.480508
3730086,قصرشيرين - خسروي,713706,قصرشيرين - خسروي,34.4763,45.5705
3730087,ابتداي کمربندي قصر شيرين (رفت),713707,ابتداي کمربندي قصر شيرين (رفت),34.53155,45.60701
3730088,انتهاي کمربندي قصر شيرين (رفت),713708,انتهاي کمربندي قصر شيرين (رفت),34.526706,45.570047
3730084,قصرشيرين - گيلانغرب,713709,قصرشيرين - گيلانغرب,34.145194,45.904575
3730090,سرپل ذهاب - دالاهو,713751,سرپل ذهاب - دالاهو,34.334854,46.139813
3730091,سرپل ذهاب - قصر شيرين (جاده دوم),713752,سرپل ذهاب - قصر شيرين (جاده دوم),34.520006,45.629889
3730092,گيلانغرب - قصرشيرين,713753,گيلانغرب - قصرشيرين,34.145194,45.904575
9000275,,713754,پرويزخان - قصرشيرين,34.5429391,45.5873609
3730093,پايانه مرزي خسروي - قصرشيرين,713755,پايانه مرزي خسروي - قصرشيرين,34.393326,45.480508
3730094,خسروي - قصرشيرين,713756,خسروي- قصرشيرين ,34.4763,45.5705
3730095,ابتداي کمربندي قصر شيرين (برگشت),713757,ابتداي کمربندي قصر شيرين (برگشت),34.53155,45.60701
3730096,انتهاي کمربندي قصر شيرين (برگشت),713758,انتهاي کمربندي قصر شيرين (برگشت),34.526706,45.570047
3730092,گيلانغرب - قصرشيرين,713759,گيلانغرب - قصرشيرين,34.145194,45.904575
3730098,کنگاور - صحنه,713801,کنگاور - صحنه,34.437071,47.881051
3730099,هرسين - صحنه,713802,هرسين - صحنه,34.358118,47.45853
3730100,بيستون - سه راهي هرسين (متناظر توزين),713803,بيستون - سه راهي هرسين,34.366275,47.411467
3730101,ميانراهان - کامياران,713805,ميانراهان - کامياران,34.724703,46.913303
3730102,سنقر - صحنه,713808,سنقر - صحنه,34.738499,47.681078
3730103,صحنه - کنگاور (متناظر توزين),713851,صحنه - کنگاور (متناظر توزين),34.437071,47.881051
3730104,صحنه - هرسين,713852,صحنه - هرسين,34.358118,47.45853
3730105,سه راهي هرسين - بيستون,713853,سه راهي هرسين - بيستون,34.366275,47.411467
3730106,کامياران - ميانراهان,713855,کامياران - ميانراهان,34.724703,46.913303
3730107,صحنه - سنقر,713858,صحنه - سنقر,34.738499,47.681078
3730108,اسدآباد - کنگاور,713901,اسدآباد - کنگاور,34.527167,48.013814
3730109,کنگاور - سه راهي نهاوند,713902,کنگاور - سه راهي نهاوند,34.445078,47.891592
3730110,کنگاور - تويسرکان,713903,کنگاور - تويسرکان,34.531913,48.044167
3730111,سه راهي نهاوند - نهاوند (مرز استان),713904,سه راهي نهاوند - نهاوند (مرز استان),34.437386,47.889309
3730112,کنگاور - اسدآباد,713951,کنگاور - اسدآباد,34.527167,48.013814
3730113,سه راهي نهاوند - کنگاور,713952,سه راهي نهاوند - کنگاور,34.445078,47.891592
3730114,تويسرکان - کنگاور,713953,تويسرکان - کنگاور,34.531913,48.044167
3730115,نهاوند - سه راهي نهاوند (مرز استان),713954,نهاوند - سه راهي نهاوند (مرز استان),34.437386,47.889309
3730116,اسلام‌آباد - ايوان (سرمست - زرنه),714101,اسلام‌آباد - ايوان (سرمست - زرنه),34.012025,46.310678
3730117,گيلانغرب - سرمست,714102,گيلانغرب - سرمست,34.119261,45.979817
3730118,گيلانغرب - سومار,714107,گيلانغرب - سومار,34.134708,45.893435
3730119,سومار - مرز سومار,714108,سومار - مرز سومار,33.806877,45.619564
3730120,ايوان - اسلام‌آباد (زرنه - سرمست),714151,ايوان - اسلام‌آباد (زرنه - سرمست),34.012025,46.310678
3730121,سرمست - گيلانغرب,714152,سرمست - گيلانغرب,34.119261,45.979817
3730122,سومار - گيلانغرب,714157,سومار - گيلانغرب,34.134708,45.893435
3730123,مرز سومار - سومار,714158,مرز سومار - سومار,33.806877,45.619564
3730124,سه راهي هرسين - هرسين,714201,سه راهي هرسين - هرسين,34.358801,47.385798
3730125,بيستون - صحنه,714202,بيستون - صحنه,34.410082,47.460941
3730126,ميان راهان - سنقر,714203,ميان راهان - سنقر,34.684708,47.524389
3730127,هرسين - نورآباد (مرز استان),714208,هرسين - نورآباد (مرز استان),34.264306,47.642874
3730128,هرسين - سه راهي هرسين,714251,هرسين - سه راهي هرسين,34.358801,47.385798
3730129,صحنه - بستون,714252,صحنه - بستون,34.410082,47.460941
3730130,سنقر - ميان راهان,714253,سنقر - ميان راهان,34.684708,47.524389
3730131,نورآباد - هرسين (مرز استان),714258,نورآباد - هرسين (مرز استان),34.264306,47.642874
3730132,کامياران - سه راهي موچش,733101,کامياران - سه راهي موچش,34.819422,46.940572
3730133,سنندج - دهگلان,733102,سنندج - دهگلان,35.290233,47.091143
3730134,بيجار - ديواندره,733104,بيجار - ديواندره,35.81339,47.11604
3730151,سنندج - سروآباد,733106,سنندج - سروآباد,35.3317963,46.6478384
3730135,سنندج - حسين آباد,733107,سنندج - حسين آباد,35.376667,47.008056
3730136,سنندج - سه راهي موچش,733110,سنندج - سه راهي موچش,35.239064,47.010227
3730137,سه راهي موچش - موچش,733111,سه راهي موچش - موچش,35.054436,47.144186
3730138,سروآباد - کامیاران (سروآباد),733112,سروآباد - کامیاران (سروآباد),35.1525011,46.5210251
3730139,سه راهي موچش - کامياران,733151,سه راهي موچش - کامياران,34.819422,46.940572
3730140,دهگلان - سنندج,733152,دهگلان - سنندج,35.290233,47.091143
3730141,ديواندره - بيجار,733154,ديواندره - بيجار,35.81339,47.11604
3730157,سروآباد - سنندج,733156,سروآباد - سنندج,35.3317963,46.6478384
3730142,حسين آباد - سنندج,733157,حسين آباد - سنندج,35.376667,47.008056
3730143,سه راهي موچش - سنندج,733160,سه راهي موچش - سنندج,35.239064,47.010227
3730144,موچش - سه راهي موچش,733161,موچش - سه راهي موچش,35.054436,47.144186
3730145,کامیاران - سروآباد (سروآباد),733162,کامیاران - سروآباد (سروآباد),35.1525011,46.5210251
3730146,بانه - سردشت (بانه),733201,بانه - سردشت (بانه),36.026397,45.815817
3730147,بانه - سيرانبند,733202,بانه - سيرانبند,35.911118,45.950056
3730148,سه راهي موچش - سنندج (متناظر توزين),733222,سه راهي موچش - سنندج (متناظر توزين),35.173678,46.985184
3730149,سنندج - مريوان (سنندج),733225,سنندج - مريوان (سنندج),35.384713,46.684643
3730150,سنندج - مريوان (مريوان),733226,سنندج - مريوان (مريوان),35.535575,46.32221
3730151,سنندج - سروآباد,733228,سنندج - سروآباد,35.3317963,46.6478384
3730152,بانه - مریوان,733239,بانه - مریوان,35.9553732,45.9806669
3730153,سردشت - بانه (بانه),733251,سردشت - بانه (بانه),36.026397,45.815817
3730154,سيرانبند - بانه,733252,سيرانبند - بانه,35.9111,45.9501
3730155,مريوان - سنندج (سنندج),733275,مريوان - سنندج (سنندج),35.384713,46.684643
3730156,مريوان - سنندج (مريوان),733276,مريوان - سنندج (مريوان),35.535575,46.32221
3730157,سروآباد - سنندج,733278,سروآباد - سنندج,35.3317963,46.6478384
3730158,مریوان - بانه,733289,مریوان - بانه,35.9553732,45.9806669
3730159,بيجار - زنجان (بيجار),733301,بيجار - زنجان,35.8933,47.6434
3729619,بيجار - تکاب (تکاب),733302,بيجار - تکاب,36.361083,47.141806
3730161,همدان - بيجار (بيجار),733303,همدان - بيجار,35.8233333,47.66
3729949,بيجار - قيدار (مرز استان),733304,بيجار - قيدار (مرز استان),35.982268,48.012578
3730163,بابارشاني - همدان (مرز استان),733305,بابارشاني - همدان (مرز استان),35.679206,47.7904264
3730164,بيجار - حسن آباد ياسوکند,733306,بيجار - حسن آباد ياسوکند,36.20737,47.88803
3730165,بيجار - زنجان (مرز استان),733307,بيجار - زنجان (مرز استان),36.1942267,47.8950319
3730166,زنجان - بيجار (بيجار),733351,زنجان - بيجار (بيجار),35.8933,47.6434
3729617,تکاب - بيجار (تکاب),733352,تکاب - بيجار,36.361083,47.141806
3730168,بيجار - همدان (بيجار),733353,بيجار - همدان,35.8233333,47.66
3729932,قيدار - بيجار (مرز استان),733354,قيدار - بيجار (مرز استان),35.982268,48.012578
3730170,همدان - بابارشاني (مرز استان),733355,همدان - بابارشاني (مرز استان),35.679206,47.7904264
3730171,حسن آباد ياسوکند - بيجار,733356,حسن آباد ياسوکند - بيجار,36.20737,47.88803
3730172,زنجان - بيجار (مرز استان),733357,زنجان - بيجار (مرز استان),36.1942267,47.8950319
3730173,سقز - بوکان (سقز),733401,سقز - بوکان (سقز),36.323147,46.230289
3730174,سقز - بانه (سقز),733402,سقز - بانه,36.206025,46.219672
3730177,سقز - مريوان (سقز),733403,سقز - مريوان,36.205088,46.342215
3730178,سقز - ديواندره,733404,سقز - ديواندره,35.957594,47.044047
3730175,مريوان - سقز (مريوان),733412,مريوان - سقز,35.592128,46.314343
3730176,بانه - سقز (بانه),733413,بانه - سقز,36.024051,45.942603
3730177,سقز - مريوان (سقز),733414,سقز - مريوان (سقز),36.205088,46.342215
3730178,سقز - ديواندره,733415,سقز - ديواندره,35.957594,47.044047
3730179,سقز - ديواندره (سقز),733416,سقز - ديواندره (سقز),36.2147,46.3308
3730180,کمربندي سقز - بوکان,733417,کمربندي سقز - بوکان,36.2783547,46.2742867
3730181,بوکان - سقز (سقز),733451,بوکان - سقز (سقز),36.323147,46.230289
3730182,بانه - سقز (سقز),733452,بانه - سقز (سقز),36.206025,46.219672
3730185,مريوان - سقز (سقز),733453,مريوان - سقز (سقز),36.205088,46.342215
3730186,ديواندره - سقز,733454,ديواندره - سقز,35.957594,47.044047
3730183,سقز - مريوان (مريوان),733462,سقز - مريوان (مريوان),35.592128,46.314343
3730184,سقز- بانه (بانه),733463,سقز- بانه (بانه),36.024051,45.942603
3730185,مريوان - سقز (سقز),733464,مريوان - سقز (سقز),36.205088,46.342215
3730186,ديواندره - سقز,733465,ديواندره - سقز,35.957594,47.044047
3730187,ديواندره - سقز (سقز),733466,ديواندره - سقز (سقز),36.2147,46.3308
3730188,کمربندي بوکان - سقز,733467,کمربندي بوکان - سقز,36.2783547,46.2742867
3730189,ديواندره - حسين آباد,733501,ديواندره - حسين آباد,35.895672,47.04675
3730190,ديواندره - تکاب,733507,ديواندره - تکاب,36.137767,46.7904751
3730191,حسين آباد - ديواندره,733551,حسين آباد - ديواندره,35.895672,47.04675
3730192,تکاب - ديواندره,733557,تکاب - ديواندره,36.1378011,46.7904922
3730193,قروه - همدان,733601,قروه - همدان,35.108978,47.972178
3730194,دهگلان - قروه,733602,دهگلان - قروه,35.187394,47.7493
3730195,دهگلان - حسين آباد,733603,دهگلان - حسين آباد,35.38875,47.293553
3730196,قروه - بيجار,733604,قروه - بيجار,35.851033,47.603247
3730197,قروه - سريش‌آباد,733605,قروه - سريش‌آباد,35.1884636,47.7927485
3730078,قروه سنقر,733606,قروه - سنقر,34.812253,47.644958
3730199,دهگلان - موچش,733607,دهگلان - موچش,35.260094,47.399613
3730200,قروه - اسدآباد (مرز استان),733608,قروه - اسدآباد (مرز استان),34.9991483,48.1193377
3730201,دهگلان - سنقر (مرز استان),733609,دهگلان - سنقر (مرز استان),35.137859,47.541655
3730202,همدان - قروه,733651,همدان - قروه,35.108978,47.972178
3730203,قروه - دهگلان,733652,قروه - دهگلان,35.187394,47.7493
3730204,حسين آباد - دهگلان,733653,حسين آباد - دهگلان,35.38875,47.293553
3730205,بيجار - قروه,733654,بيجار - قروه,35.851033,47.603247
3730206,سريش‌آباد - قروه,733655,سريش‌آباد - قروه,35.1884636,47.7927485
3730073,سنقر - قروه,733656,سنقر- قروه,34.812253,47.644958
3730208,موچش - دهگلان,733657,موچش - دهگلان,35.260094,47.399613
3730209,اسدآباد - قروه (مرز استان),733658,اسدآباد - قروه (مرز استان),34.9991483,48.1193377
3730210,سنقر - دهگلان (مرز استان),733659,سنقر - دهگلان (مرز استان),35.137859,47.541655
3730211,مريوان - باشماق,733701,مريوان - باشماق,35.595389,46.106172
3730212,مريوان - پاوه (سه‌راهي پاوه - پاوه),733707,مريوان - پاوه,35.406667,46.2675
3730213,مريوان - سروآباد,733708,مريوان - سروآباد,35.411111,46.269722
3730214,باشماق - مريوان,733751,باشماق - مريوان,35.595389,46.106172
3730215,پاوه - مريوان (پاوه - سه‌راهي پاوه),733757,پاوه - مريوان,35.406667,46.2675
3730216,سروآباد - مريوان,733758,سروآباد - مريوان,35.411111,46.269722
3730217,کامياران - کرمانشاه (كامياران),733801,کامياران - کرمانشاه,34.771786,46.923694
3730218,کامياران - روانسر,733802,کامياران - روانسر,34.791351,46.840878
3730219,کرمانشاه - کامياران (كامياران),733851,کرمانشاه - کامياران,34.771786,46.923694
3730220,روانسر - کامياران,733852,روانسر - کامياران,34.791351,46.840878
3730221,کامياران - پالنگان,733901,کامياران - پالنگان,34.81875,46.890281
3730222,پالنگان - کامياران,733951,پالنگان - کامياران,34.81875,46.890281
3730223,کوريجان - همدان,753101,کوريجان - همدان,34.9016,48.5513
3730224,سه‌راهي صالح‌آباد - همدان,753102,سه‌راهي صالح‌آباد - همدان,34.887006,48.413692
3730225,همدان - جوکار,753103,همدان - جوکار,34.7894,48.6209
3730226,آزادراه همدان - ساوه (پل 123 - دخان),753104,آزادراه همدان - ساوه (پل 123 - دخان),35.1244,49.3254
3730227,آزادراه همدان - ساوه (تقاطع جاده کميجان - پل 123),753105,آزادراه همدان - ساوه (تقاطع جاده کميجان - پل 123),35.05,48.879
3730228,ملاير - جوکار,753106,ملاير - جوکار,34.35,48.701
3730229,همدان - گلتپه,753107,همدان - گلتپه,35.0263889,48.3452778
3730230,جوکار - تويسرکان,753108,جوکار - تويسرکان,34.433955,48.673421
3730231,فامنين - پل 123,753109,فامنين - پل 123,35.1197,49.0254
3730232,سه راهي پايگاه نوژه - سه راهي روعان,753110,سه راهي پايگاه نوژه - سه راهي روعان,35.145,48.87
3730233,جاده قدیم همدان - ساوه (تجرک) (مرز استان),753111,جاده قدیم همدان - ساوه (تجرک) (مرز استان),35.116121,49.282696
3730234,کرفس - نوبران (مرز استان),753112,کرفس - نوبران (مرز استان),35.329551,49.216383
3730235,همدان - کوريجان,753151,همدان - کوريجان,34.9016,48.5513
3730236,همدان - سه‌راهي صالح‌آباد,753152,همدان - سه‌راهي صالح‌آباد,34.887006,48.413692
3730237,جوکار - همدان,753153,جوکار - همدان,34.7894,48.6209
3730238,آزادراه ساوه - همدان (دخان - پل 123),753154,آزادراه ساوه - همدان (دخان - پل 123),35.1244,49.3254
3730239,آزادراه ساوه - همدان (پل 123 - تقاطع جاده کميجان),753155,آزادراه ساوه - همدان (پل 123 - تقاطع جاده کميجان),35.05,48.879
3730240,جوکار - ملاير,753156,جوکار - ملاير,34.35,48.701
3730241,گلتپه - همدان,753157,گلتپه - همدان,35.0263889,48.3452778
3730242,تويسرکان - جوکار,753158,تويسرکان - جوکار,34.433955,48.673421
3730243,پل123 - فامنين,753159,پل123 - فامنين,35.1197,49.0254
3730244,سه راهي روعان - سه راهي پايگاه نوژه,753160,سه راهي روعان - سه راهي پايگاه نوژه,35.145,48.87
3730245,جاده قديم ساوه - همدان (تجرک) (مرز استان),753161,جاده قديم ساوه - همدان (تجرک) (مرز استان),35.116121,49.282696
3730246,نوبران - کرفس (مرز استان),753162,نوبران - کرفس (مرز استان),35.329551,49.216383
3730247,سه راهي صالح آباد - اسد آباد,753201,سه راهي صالح آباد - اسد آباد,34.8752,48.2324
3730248,همدان - سه‌راهي بهار (مهدي‌آباد),753202,همدان - سه‌راهي بهار (مهدي‌آباد),34.862008,48.442943
3730249,اسد آباد - کنگاور,753203,اسد آباد - کنگاور,34.638704,48.049027
9000276,,753228,مجموع گيت هاي عوارضي همدان - ساوه (همدان),35.15683885,50.37465646
3730251,همدان- غارعليصدر(قبل از سه راهي بهار),753233,همدان- غارعليصدر(قبل از سه راهي بهار),34.8784,48.4731
3730252,همدان - تويسرکان (گنجنامه),753234,همدان - تويسرکان (گنجنامه),34.774555,48.46301
3730253,آزادراه همدان - ساوه (چپقلو),753244,آزادراه همدان - ساوه (چپقلو),35.135387,49.470072
3730254,همدان - صالح آباد,753245,همدان - صالح آباد,34.911644,48.360772
3730255,اسد آباد - سه راهي صالح آباد,753251,اسد آباد - سه راهي صالح آباد,34.8752,48.2324
3730256,سه‌راهي بهار - همدان (مهدي‌آباد),753252,سه‌راهي بهار - همدان (مهدي‌آباد),34.862008,48.442943
3730257,کنگاور - اسد آباد,753253,کنگاور - اسد آباد,34.638704,48.049027
9000277,,753278,مجموع گيت هاي عوارضي ساوه - همدان (همدان),35.15683885,50.37465646
3730259,غارعليصدر- همدان (قبل از سه راهي بهار),753283,غارعليصدر- همدان (قبل از سه راهي بهار),34.8784,48.4731
3730260,تويسرکان - همدان(گنجنامه),753284,تويسرکان - همدان(گنجنامه),34.774556,48.46301
3730261,آزادراه ساوه - همدان (چپقلو),753294,آزادراه ساوه - همدان (چپقلو),35.135387,49.470072
3730262,صالح آباد - همدان (صالح آباد) (متناظر توزين),753295,صالح آباد - همدان (صالح آباد) (متناظر توزين),34.911644,48.360772
3730263,صالح آباد - قروه,753301,صالح آباد - قروه,34.9559,48.2404
3730264,کوريجان - سه راهي پايگاه نوژه,753302,کوريجان - سه راهي پايگاه نوژه,35.0854,48.7363
3730265,کوريجان - قهاوند (حدفاصل تقاطع آزادراه - قهاوند),753303,کوريجان - قهاوند (حدفاصل تقاطع آزادراه - قهاوند),34.9643,48.9917
3730266,اسدآباد - کنگاور (کمربندي اسدآباد),753307,اسدآباد - کنگاور (کمربندي اسدآباد),34.732241,48.119502
3730267,اسدآباد - سنقر (تصفيه‌خانه) (مرز استان),753308,اسدآباد - سنقر (تصفيه‌خانه) (مرز استان),34.774498,48.066984
3730268,اسدآباد - داش بلاغ (پيرملو) (مرز استان),753309,اسدآباد - داش بلاغ (پيرملو) (مرز استان),34.920189,48.065281
3730269,قهاوند - کميجان (مرز استان),753310,قهاوند - کميجان (مرز استان),34.854946,49.035411
3730270,قروه - صالح آباد,753351,قروه - صالح آباد,34.9559,48.2404
3730271,سه راهي پايگاه نوژه - کوريجان,753352,سه راهي پايگاه نوژه - کوريجان,35.0854,48.7363
3730272,قهاوند - کوريجان (حدفاصل تقاطع آزادراه - قهاوند),753353,قهاوند - کوريجان (حدفاصل تقاطع آزادراه - قهاوند),34.9643,48.9917
9000278,,753355,روعان - کوريجان (کوريجان),35.0450355,48.6784458
3730273,کنگاور - اسدآباد (کمربندي اسدآباد),753357,کنگاور - اسدآباد (کمربندي اسدآباد),34.732241,48.119502
3730274,سنقر - اسدآباد (تصفيه‌خانه) (مرز استان),753358,سنقر - اسدآباد (تصفيه‌خانه) (مرز استان),34.774498,48.066984
3730275,داش بلاغ - اسدآباد (پيرملو) (مرز استان),753359,داش بلاغ - اسدآباد (پيرملو) (مرز استان),34.920189,48.065281
3730276,کميجان - قهاوند (مرز استان),753360,کميجان - قهاوند (مرز استان),34.854946,49.035411
3730114,تويسرکان - کنگاور,753401,تويسرکان - کنگاور,34.531913,48.044167
3730278,بهار - لاله جين,753402,بهار - لاله جين,34.9355556,48.4613889
3730110,کنگاور - تويسرکان,753451,کنگاور - تويسرکان,34.531913,48.044167
3730280,لاله جين - بهار,753452,لاله جين - بهار,34.9355556,48.4613889
3730281,رزن - سه‌راهي روعان,753501,رزن - سه‌راهي روعان,35.2961,48.991
3730235,همدان - کوريجان,753508,پليس راه قزوين - کوريجان(متناظر با سامانه WIM),34.9016,48.5513
3730283,رزن - دمق,753510,رزن - دمق,35.419377,48.97356
3730284,سه‌راهي روعان - رزن,753551,سه‌راهي روعان - رزن,35.2961,48.991
3730285,کوريجان - همدان (متناظر توزين),753558,کوريجان - همدان (متناظر توزين),34.989952,48.611565
3730286,دمق - رزن,753560,دمق - رزن,35.419377,48.97356
3730287,شيرين سو - زرين رود,753601,شيرين سو - زرين رود,35.5722,48.4238
3730288,گلتپه - بيجار,753602,گلتپه - بيجار,35.24,48.197
3730289,کبودرآهنگ - شيرين سو,753604,کبودرآهنگ - شيرين سو,35.4686,48.4747
3730290,کبودر آهنگ - سه راهي پايگاه نوژه,753605,کبودر آهنگ - سه راهي پايگاه نوژه,35.1011111,48.7566667
3730291,گل تپه - عليصدر,753606,گل تپه - عليصدر,35.2177778,48.2158333
3730292,کبوتر آهنگ - گل تپه,753607,کبوتر آهنگ - گل تپه,35.219935,48.423341
3730293,زرين رود - شيرين سو,753651,زرين رود - شيرين سو,35.5722,48.4238
3730294,بيجار - گلتپه,753652,بيجار - گلتپه,35.24,48.197
3730295,شيرين سو - کبودرآهنگ,753654,شيرين سو - کبودرآهنگ,35.4686,48.4747
3730296,سه راهي پايگاه نوژه - کبودر آهنگ,753655,سه راهي پايگاه نوژه - کبودر آهنگ,35.1011111,48.7566667
3730297,عليصدر - گل تپه,753656,عليصدر - گل تپه,35.2177778,48.2158333
3730298,گل تپه - کبوتر آهنگ,753657,گل تپه - کبوتر آهنگ,35.219935,48.423341
3730299,ملاير - بروجرد,753703,ملاير - بروجرد,34.105361,48.657527
3730300,ملاير - اراک,753704,ملاير - اراک,34.1312,49.0536
3730301,جوکار - ملاير (ملاير),753716,جوکار - ملاير (ملاير),34.4,48.67
3729416,ملایر  - خنداب (مرز استان),753724,ملاير - خنداب (مرز استان),34.411526,49.033469
3730303,بروجرد - ملاير,753753,بروجرد - ملاير,34.105361,48.657527
3730304,اراک - ملاير,753754,اراک - ملاير,34.1312,49.0536
3730305,ملاير - جوکار (ملاير) (متناظر توزين),753766,ملاير - جوکار (ملاير) (متناظر توزين),34.4,48.67
3729406,خنداب  - ملایر (مرز استان),753774,خنداب - ملاير (مرز استان),34.411526,49.033469
3730307,کنگاور - نهاوند,753801,کنگاور - نهاوند,34.3672,48.1022
3730308,رزن - آوج,753802,رزن - آوج,35.5368,49.1166
3730309,نهاوند - سه راهي بروجرد,753803,نهاوند - سه راهي بروجرد,34.1127778,48.4325
3730310,نهاوند - ملاير,753804,نهاوند - ملاير,34.2908333,48.5661111
3730311,نهاوند - سه‌راهي شوشاب,753805,نهاوند - سه‌راهي شوشاب,34.3630556,48.6383333
3730312,نهاوند - نورآباد (مرز استان),753809,نهاوند - نورآباد (مرز استان),34.047016,48.334276
3730313,نهاوند - فيروزان,753810,نهاوند - فيروزان,34.252318,48.298509
3730314,نهاوند - کنگاور,753851,نهاوند - کنگاور,34.3672,48.1022
3730315,آوج - رزن,753852,آوج - رزن,35.5368,49.1166
3730316,سه راهي بروجرد - نهاوند,753853,سه راهي بروجرد - نهاوند,34.1127778,48.4325
3730317,ملاير - نهاوند,753854,ملاير - نهاوند,34.2908333,48.5661111
3730318,سه‌راهي شوشاب - نهاوند,753855,سه‌راهي شوشاب - نهاوند,34.3630556,48.6383333
3730319,نورآباد - نهاوند (مرز استان),753859,نورآباد - نهاوند (مرز استان),34.047016,48.334276
3730320,فيروزان - نهاوند,753860,فيروزان - نهاوند,34.252318,48.298509
3730321,فامنين - روعان,753901,فامنين - روعان,35.1329,48.9322
3730322,روعان - فامنين,753951,روعان - فامنين,35.1329,48.9322
3730323,شهرکرد - سورشجان,773101,شهرکرد - سورشجان,32.3032,50.8079
3730324,بروجن - سفيددشت,773103,بروجن - سفيددشت,32.077,51.204
3730353,شهرکرد - شلمزار (خراجي),773104,شهرکرد - شلمزار (خراجي),32.087818,50.832145
3730325,شهرکرد - سامان,773105,شهرکرد - سامان,32.3896,50.819
3730326,شهرکرد - اصفهان (تونل رخ),773106,شهرکرد - اصفهان (تونل رخ),32.33,51.059
3730327,شهرکرد - نافچ,773107,شهرکرد - نافچ,32.351,50.8247
3730328,سامان - تيران (سامان),773108,سامان - تيران (سامان),32.4801667,50.9235556
3730329,هاروني - سورشجان,773109,هاروني - سورشجان,32.3193333,50.6879722
3730330,جونقان - سه راهي جونقان,773110,جونقان - سه راهي جونقان,32.254578,50.616853
3730331,سورشجان - فارسان,773111,سورشجان - فارسان,32.3157,50.6617
3730332,بن - داران,773112, بن - داران,32.603889,50.598611
3730333,صادق آباد - ياسه چاي (مرز استان),773113,صادق آباد - ياسه چاي (مرز استان),32.63281,50.85092
3730334,شهرکرد - کمربندي سامان (آرامستان),773114,شهرکرد - کمربندي سامان (آرامستان),32.37217,50.90184
3730335,سورشجان - شهرکرد,773151,سورشجان - شهرکرد,32.3032,50.8079
3730336,سفيددشت - بروجن,773153,سفيددشت - بروجن,32.077,51.204
3730360,شلمزار - شهرکرد (خراجي),773154,شلمزار - شهرکرد (خراجي),32.087818,50.832145
3730337,سامان - شهرکرد,773155,سامان - شهرکرد,32.3896,50.819
3730338,اصفهان - شهرکرد (تونل رخ),773156,اصفهان - شهرکرد (تونل رخ),32.33,51.059
3730339,نافچ - شهرکرد,773157,نافچ - شهرکرد,32.351,50.8247
3730340,تيران - سامان (سامان),773158,تيران - سامان (سامان),32.4801667,50.9235556
3730341,سورشجان - هاروني,773159,سورشجان - هاروني,32.3193333,50.6879722
3730342,سه راهي جونقان - جونقان,773160,سه راهي جونقان - جونقان,32.254578,50.616853
3730343,فارسان - سورشجان,773161,فارسان - سورشجان,32.3157,50.6617
3730344,داران - بن,773162,داران - بن,32.603889,50.598611
3730345,ياسه چاي - صادق آباد (مرز استان),773163,ياسه چاي - صادق آباد (مرز استان),32.63281,50.85092
3730346,کمربندي سامان (آرامستان) - شهرکرد,773164,کمربندي سامان (آرامستان) - شهرکرد,32.37217,50.90184
3730347,دشتک - مسجد سليمان,773202,دشتک - مسجد سليمان,32.211783,50.036586
3730348,ناغان - سد کارون 4,773203,  ناغان - سد کارون 4 ,31.831167,50.567583
3730349,شهرکرد - فرخشهر,773206,شهرکرد - فرخشهر,32.290158,50.947642
3730350,شلمزار - ناغان,773207,شلمزار - ناغان,31.9361,50.8742
3730351,سه راهي خوزستان - کيان,773220,سه راهي خوزستان - کيان,32.301093,50.906503
3730352,فرخشهر - شلمزار,773221,فرخشهر - شلمزار,32.240876,50.979905
3730353,شهرکرد - شلمزار (خراجي),773222,شهرکرد - شلمزار (خراجي),32.087818,50.832145
3730354,مسجد سليمان - دشتک,773252,مسجد سليمان - دشتک,32.211783,50.036586
3730355,سد کارون 4 - ناغان,773253,سد کارون 4- ناغان,31.831167,50.567583
3730356,فرخشهر - شهرکرد,773256, فرخشهر - شهرکرد,32.290158,50.947642
3730357,ناغان - شلمزار,773257,ناغان - شلمزار,31.9361,50.8742
3730358,کيان - سه راهي خوزستان,773270,کيان - سه راهي خوزستان,32.301093,50.906503
3730359,شلمزار - فرخشهر,773271,شلمزار - فرخشهر,32.240876,50.979905
3730360,شلمزار - شهرکرد (خراجي),773272,شلمزار - شهرکرد (خراجي),32.087818,50.832145
3730361,بروجن - شهرضا (بروجن),773301,بروجن - شهرضا (بروجن),31.9408,51.3192
9000279,,773302,بروجن - گندمان (لردگان),31.89247853,51.17170775
3730362,بروجن - مبارکه (بروجن),773303,بروجن - مبارکه,31.9898,51.3377
3730363,سفيددشت - زرين شهر,773304,سفيددشت - زرين شهر,32.1383,51.199
3730364,گندمان - بلداجي (بلداجي),773305,گندمان - بلداجي (بلداجي),31.929075,51.079217
3730365,سفيد دشت - شهرکرد,773306,سفيد دشت - شهرکرد,32.2202,51.0949
3730366,گندمان - گوشکي,773307,گندمان - گوشکي,31.81013,51.18655
3730367,بروجن - گندمان (متناظر توزين),773319,بروجن - گندمان (متناظر توزين),31.951805,51.267452
3730368,شهرضا - بروجن (بروجن),773351,شهرضا - بروجن (بروجن),31.9408,51.3192
3730374,گندمان - بروجن,773352,گندمان - بروجن,31.951805,51.267452
3730369,مبارکه - بروجن (بروجن),773353,مبارکه - بروجن,31.9898,51.3377
3730370,زرين شهر - سفيددشت,773354,زرين شهر - سفيددشت,32.1383,51.199
3730371,بلداجي - گندمان (بلداجي),773355,بلداجي - گندمان (بلداجي),31.929075,51.079217
3730372,شهرکرد - سفيد دشت,773356,شهرکرد - سفيد دشت,32.2202,51.0949
3730373,گوشکي - گندمان,773357,گوشکي - گندمان,31.81013,51.18655
3730374,گندمان - بروجن,773369,گندمان - بروجن,31.951805,51.267452
3730375,فارسان - چلگرد (فارسان),773401,فارسان - چلگرد,32.2749,50.5516
3730376,دشتک - سه‌راهي بهشت‌آباد,773402,دشتک - سه‌راهي بهشت‌آباد,32.052,50.617
3730377,چادگان - چلگرد (مرز استان),773405,چادگان - چلگرد (مرز استان),32.538807,50.343923
3730378,چلگرد - فارسان (فارسان),773451,چلگرد - فارسان,32.2749,50.5516
3730379,سه‌راهي بهشت‌آباد - دشتک,773452,سه‌راهي بهشت‌آباد - دشتک,32.052,50.617
3730380,چلگرد - چادگان (مرز استان),773455,چلگرد - چادگان (مرز استان),32.538807,50.343923
3730381,گوشکي - مالخليفه,773501,گوشکي - مالخليفه,31.5464,51.1465
3728973,لردگان - دهدز (دهدز),773502,لردگان - دهدز,31.689338,50.313006
3730383,لردگان - گوشکي (آلوني),773503,لردگان - گوشکي (آلوني),31.556639,51.082044
3730384,مال خليفه - سميرم,773504,مال خليفه - سميرم,31.239665,51.254081
3730385,لردگان - دهدز (تونل قتح),773507,لردگان - دهدز (تونل قتح),31.595167,50.437944
3730386,قرح - پاتاوه,773508,قرح - پاتاوه,31.190972,51.254361
3730387,مالخليفه - گوشکي,773551,مالخليفه - گوشکي,31.5464,51.1465
3728971,دهدز - لردگان (دهدز),773552,دهدز - لردگان,31.689338,50.313006
3730389,گوشکي - لردگان (آلوني),773553,گوشکي - لردگان (آلوني),31.556639,51.082044
3730390,سميرم - مال خليفه,773554,سميرم - مال خليفه,31.239665,51.254081
3730391,دهدز - لردگان (تونل فتح),773557,دهدز - لردگان (تونل فتح),31.595167,50.437944
3730392,پاتاوه - قرح,773558,پاتاوه - قرح,31.190972,51.254361
3730393,خرم‌آباد - پلدختر (خرم‌آباد),813101,خرم‌آباد - پلدختر (خرم‌آباد),33.4642,48.147778
3730394,خرم‌آباد - سه‌راهي چالان چولان (بروجرد),813102,خرم‌آباد - سه‌راهي چالان چولان (بروجرد),33.489167,48.471667
3730395,سه راهي چالان چولان - دورود,813104,سه راهي چالان چولان - دورود,33.523333,49.015556
3730396,خرم آباد - سه راهي الشتر,813105,خرم آباد - سه راهي الشتر,33.56903,48.30186
3730397,آزادراه خرم‌آباد - انديمشک (خرم‌آباد - پل زال),813107,آزادراه خرم‌آباد - انديمشک (خرم‌آباد - پل زال),33.135553,48.1711
3730398,خرم آباد - بيرانشهر,813109,خرم آباد - بيرانشهر,33.4786,48.4483
3730399,خرم‌آباد - دوره چگني,813110,خرم‌آباد - دوره چگني,33.4852778,48.239444
3730400,خرم آباد - سپيددشت,813111,خرم آباد - سپيددشت,33.4604,48.461
3730401,پل دختر - کوهدشت (سه راهي بابازيد - سه راهي زانوگه),813112,پل دختر - کوهدشت (سه راهي بابازيد - سه راهي زانوگه),33.2236111,47.7227
3730402,سه راهي الشتر - الشتر,813119,سه راهي الشتر - الشتر,33.79875,48.2373
3730403,دوره چگني - کوهدشت,813128,دوره چگني - کوهدشت,33.5215,47.6817
3730404,پلدختر - خرم‌آباد (خرم‌آباد),813151,پلدختر - خرم‌آباد (خرم‌آباد),33.4642,48.147778
3730405,سه‌راهي چالان چولان - خرم‌آباد (بروجرد),813152,سه‌راهي چالان چولان - خرم‌آباد (بروجرد),33.489167,48.471667
3730406,دورود - سه راهي چالان چولان,813154,دورود - سه راهي چالان چولان,33.523333,49.015556
3730407,سه راهي الشتر - خرم آباد,813155,سه راهي الشتر - خرم آباد,33.56903,48.30186
3730408,آزادراه انديمشک - خرم‌آباد (پل زال - خرم‌آباد),813157,آزادراه انديمشک - خرم‌آباد (پل زال - خرم‌آباد),33.135553,48.1711
3730409,بيرانشهر - خرم آباد,813159,بيرانشهر - خرم آباد,33.4786,48.4483
3730410,دوره چگني - خرم‌آباد,813160,دوره چگني - خرم‌آباد,33.4852778,48.239444
3730411,سپيددشت - خرم آباد,813161,سپيددشت - خرم آباد,33.4604,48.461
3730412,کوهدشت - پل دختر (سه راهي زانوگه - سه راهي بابازيد),813162,کوهدشت - پل دختر (سه راهي زانوگه - سه راهي بابازيد),33.2236111,47.7227
3730413,الشتر - سه راهي الشتر,813169,الشتر - سه راهي الشتر,33.79875,48.2373
3730414,کوهدشت - دوره چگني,813178,کوهدشت - دوره چگني,33.5215,47.6817
3730415,فيروزآباد - نورآباد,813201,فيروزآباد - نورآباد,34.022,48.016
3730416,الشتر - فيروزآباد,813202,الشتر - فيروزآباد,33.8886,48.1739
3730417,خرم‌آباد - پلدختر (چم انجير),813208,خرم‌آباد - پلدختر (چم انجير),33.440522,48.238022
3730418,خرم‌آباد - سه‌راهي چالان چولان (مله سرخه) (متناظر توزين),813209,خرم‌آباد - سه‌راهي چالان چولان (مله سرخه),33.5659,48.9243
3730419,نورآباد - فيروزآباد,813251,نورآباد - فيروزآباد,34.022,48.016
3730420,فيروزآباد - الشتر,813252,فيروزآباد - الشتر,33.8886,48.1739
3730421,پلدختر - خرم‌آباد (چم انجير) (متناظر توزين),813258,پلدختر - خرم‌آباد (چم انجير),33.440522,48.238022
3730422,سه‌راهي چالان چولان - خرم‌آباد (مله سرخه),813259,سه‌راهي چالان چولان - خرم‌آباد (مله سرخه),33.5659,48.9243
3730423,انديمشک - پلدختر,813301,انديمشک - پلدختر,32.9514,47.8321
3730424,سه راهي زانوگه - پل سيمره,813302, سه راهي زانوگه - پل سيمره,33.467,47.42
3730425,پلدختر - بابازيد,813304,پلدختر - بابازيد,33.1705,47.7205
3730426,پلدختر - دره شهر (سراب حمام),813305,پلدختر - دره شهر (سراب حمام),33.1182,47.6504
3730427,پلدختر - انديمشک,813351,پلدختر - انديمشک,32.9514,47.8321
3730428,پل سيمره - سه راهي زانوگه,813352,پل سيمره - سه راهي زانوگه,33.467,47.42
3730429,بابازيد - پلدختر,813354,بابازيد - پلدختر,33.1705,47.7205
3730430,دره شهر - پلدختر (سراب حمام),813355,دره شهر - پلدختر (سراب حمام),33.1182,47.6504
3730431,اليگودرز - داران (اليگودرز - بويين مياندشت),813401,اليگودرز - داران (اليگودرز - بويين مياندشت),33.334821,49.839718
3730432,اليگودرز - خمين (اليگودرز),813402,اليگودرز - خمين (اليگودرز),33.466095,49.7044873
3730433,داران - اليگودرز (بويين مياندشت - اليگودرز),813451,داران - اليگودرز (بويين مياندشت - اليگودرز),33.334821,49.839718
3730434,خمين - اليگودرز (اليگودرز),813452,خمين - اليگودرز (اليگودرز),33.466095,49.7044873
3730435,ازنا - دورود,813501,ازنا - دورود,33.4402,49.2931
3730436,ازنا - اليگودرز,813502,ازنا - اليگودرز,33.4151,49.6494
3730437,ازنا - شازند (ازنا),813503,ازنا - شازند (ازنا),33.542,49.5093
3730438,دورود - ازنا,813551,دورود - ازنا,33.4402,49.2931
3730439,اليگودرز - ازنا (متناظر توزين),813552,اليگودرز - ازنا (متناظر توزين),33.4251,49.6262
3730440,شازند - ازنا (ازنا),813553,شازند - ازنا (ازنا),33.542,49.5093
3730441,بروجرد - توره (سه‌راهي بروجرد),813601,بروجرد - توره (سه‌راهي بروجرد),33.8529,48.8051
3730442,بروجرد - سه راهي چالان چولان,813602,بروجرد - سه راهي چالان چولان,33.7303,48.8741
3730443,بروجرد - اشترينان,813603,بروجرد - اشترينان,34.009297,48.64011
3730444,بروجرد - بيرانشهر,813604,بروجرد - بيرانشهر,33.7859,48.7855
3730445,کمربندي جنوبي خرم آباد (شمال به جنوب),813605,کمربندي جنوبي خرم آباد (شمال به جنوب),33.391676,48.363234
3730446,اشترينان - ملاير,813610,اشترينان - ملاير,34.04493,48.64507
3730447,آزادراه بروجرد - اراک,813617,آزادراه بروجرد - اراک,33.515123,48.468627
3730448,توره - بروجرد (سه‌راهي بروجرد),813651,توره - بروجرد,33.8529,48.8051
3730449,سه راهي چالان چولان - بروجرد,813652,سه راهي چالان چولان - بروجرد,33.7303,48.8741
3730450,اشترينان - بروجرد,813653,اشترينان - بروجرد,34.009297,48.64011
3730451,بيرانشهر - بروجرد,813654,بيرانشهر - بروجرد,33.7859,48.7855
3730452,کمربندي جنوبي خرم آباد (جنوب به شمال),813655,کمربندي جنوبي خرم آباد (جنوب به شمال),33.391676,48.363234
3730453,ملاير - اشترينان,813660,ملاير - اشترينان,34.04493,48.64507
3730454,آزادراه اراک - بروجرد,813667,آزادراه اراک - بروجرد,33.515123,48.468627
3730455,نورآباد - هرسين,813701,نورآباد - هرسين,34.1992,47.8567
3730456,نهاوند - سه راهي نور آباد,813702,نهاوند - سه راهي نور آباد,34.0427,48.1819
3730457,هرسين - نورآباد,813751,هرسين - نورآباد,34.1992,47.8567
3730458,سه راهي نور آباد - نهاوند,813752,سه راهي نور آباد - نهاوند,34.0427,48.1819
3730459,کوهدشت - سه راهي زانوگه,813901,کوهدشت - سه راهي زانوگه,33.455525,47.433962
3730460,سه راهي زانوگه - کوهدشت,813951,سه راهي زانوگه - کوهدشت,33.455525,47.433962
3730461,چوار - ایوان,833101,چوار - ایوان,33.80324,46.3281
9000280,,833102,ايلام - صالح آباد (مهران),33.486859,46.20704
3730462,ايلام - سرابله (تنگه ارغوان),833103,ايلام - سرابله (تنگه ارغوان),33.656406,46.452205
3730463,ايلام - بدره,833104,ايلام - بدره,33.583392,46.395375
3730464,مهران - مرز مهران,833105,مهران - مرز مهران,33.106929,46.124561
3730465,ايلام - سرابله,833106,ايلام - سرابله,33.719642,46.524756
3730466,ايلام - ملکشاهي,833112,ايلام - ملکشاهي,33.396867,46.587186
3730467,ايوان - چوار,833151,ايوان (اسلام آباد) - ايلام,33.80324,46.3281
9000281,,833152,صالح آباد (مهران) - ايلام,33.486859,46.20704
3730468,سرآبله - ايلام (تنگه ارغوان),833153,سرآبله - ايلام (تنگه ارغوان),33.656406,46.452205
3730469,بدره - ايلام,833154,بدره - ايلام,33.583392,46.395375
3730470,مرز مهران - مهران,833155,مرز مهران - مهران,33.106929,46.124561
3730471,سرابله - ايلام,833156,سرابله - ايلام,33.719642,46.524756
3730472,ملکشاهي - ايلام,833162,ملکشاهي - ايلام,33.396867,46.587186
3730473,ايوان - اسلام‌آباد (ايوان - زرنه),833201,ايوان - اسلام‌آباد (ايوان - زرنه),33.885425,46.236578
3730474,ايلام - کرمانشاه(قلاجه),833210,ايلام - کرمانشاه(قلاجه),33.969433,46.297778
3730475,زرنه - سومار,833211,زرنه - سومار,33.935317,46.170528
3730476,ايلام - صالح آباد (مهدي آباد),833221,ايلام - صالح آباد (مهدي آباد),33.6064,46.353
3730477,ايلام - چوار,833222,ايلام - چوار,33.63399,46.33062
3730478,ايلام - مهران (صالح آباد),833223,ايلام - مهران (صالح آباد),33.486859,46.20704
3730479,اسلام‌آباد - ايوان (چهارمله - ايوان),833251,اسلام‌آباد - ايوان (چهارمله - ايوان),33.885425,46.236578
3730480,کرمانشاه(قلاجه) - ايلام,833260,کرمانشاه(قلاجه) - ايلام,33.969433,46.297778
3730481,سومار - زرنه,833261,سومار - زرنه,33.935317,46.170528
3730482,صالح آباد - ايلام (مهدي آباد),833271,صالح آباد - ايلام (مهدي آباد),33.6064,46.353
3730483,چوار - ايلام,833272,چوار - ايلام,33.63399,46.33062
3730484,مهران - ايلام (صالح آباد),833273,مهران - ايلام (صالح آباد),33.486859,46.20704
3730485,دره شهر - پلدختر (دره شهر - پل گاوميشان),833302,دره شهر - پلدختر (دره شهر - پل گاوميشان),33.077753,47.497857
3730486,بدره - دره شهر,833304,بدره - دره شهر,33.280128,47.116956
3730487,دره شهر - آبدانان,833305,دره شهر - آبدانان,33.01223,47.389
3730488,سه راهي ملکشاهي - بدره,833306,سه راهي ملکشاهي - بدره,33.4547651,46.7614402
3730489,پلدختر - دره شهر (پل گاوميشان - دره شهر),833352,پلدختر - دره شهر (پل گاوميشان - دره شهر),33.077753,47.497857
3730490,دره شهر - بدره,833354,دره شهر - بدره,33.280128,47.116956
3730491,آبدانان - دره شهر,833355,آبدانان - دره شهر,33.01223,47.389
3730492,بدره - سه راهي ملکشاهي,833356,بدره - سه راهي ملکشاهي,33.4547651,46.7614402
3730493,آبدانان - مورموري,833403,آبدانان - مورموري,32.958847,47.444328
3730494,مورموري - آبدانان,833453, مورموري - آبدانان,32.958847,47.444328
3730495,دهلران - انديمشک (دشت عباس - انديمشک) (مرز استان),833501,دهلران - انديمشک (دشت عباس - انديمشک) (مرز استان),32.361272,48.014623
3730496,دهلران - انديمشک (دهلران - دشت عباس),833502,دهلران - انديمشک (دهلران - دشت عباس),32.56094,47.393002
3730497,سه راهي کاور - دهلران,833503,سه راهي کاور - دهلران,32.874804,46.8182692
3730498,انديمشک - دهلران (انديمشک - دشت عباس) (مرز استان),833551,انديمشک - دهلران (انديمشک - دشت عباس) (مرز استان),32.361272,48.014623
3730499,انديمشک - دهلران (دشت عباس - دهلران),833552,انديمشک - دهلران (دشت عباس - دهلران),32.56094,47.393002
3730500,دهلران - سه راهي کاور,833553,دهلران - سه راهي کاور,32.874804,46.8182692
3730501,پل سيمره - کوهدشت (مرز استان),833601,پل سيمره - کوهدشت (مرز استان),33.681026,47.056599
3730502,سرابله - پل سيمره,833602,سرابله - پل سيمره,33.7339,46.6644
9000282,,833603,سرابله - سه راهي شباب,33.7459315,46.6210091
3730503,توحيد - سه راهي ماهيزان,833604,توحيد - سه راهي ماهيزان,33.708351,47.061739
3730504,سرابله - سه راهي چهارمله,833608,سرابله - سه راهي چهارمله,33.836908,46.475867
3730505,شباب - سرابله,833609,شباب - سرابله,33.760672,46.622475
3730506,سه راهي عالي آباد - لومار,833610,سه راهي عالي آباد- لومار,33.610819,46.732911
3730507,سه راهي شباب - حميل,833611,سه راهي شباب - حميل,33.755461,46.6817
3730508,حمیل - پل سیمره (مرز استان),833612,حمیل - پل سیمره (مرز استان),33.74817,46.97239
3730509,ايلام - پل سيمره,833616,ايلام - پل سيمره,33.63721,47.02315
3730510,کوهدشت - پل سيمره (مرز استان),833651,کوهدشت - پل سيمره (مرز استان),33.681026,47.056599
3730511,پل سيمره - سرابله,833652,پل سيمره - سرابله,33.7339,46.6644
9000283,,833653,سه راهي شباب - سرابله,33.7459315,46.6210091
3730512,سه راهي ماهيزان - توحيد,833654,سه راهي ماهيزان - توحيد,33.708351,47.061739
3730513,سه راهي چهارمله - سرابله,833658,سه راهي چهارمله - سرابله,33.836908,46.475867
3730514,سرابله - شباب,833659,سرابله - شباب,33.760672,46.622475
3730515,لومار - سه راهي عالي آباد,833660,لومار - سه راهي عالي آباد,33.610819,46.732911
3730516,حميل - سه راهي شباب,833661,حميل - سه راهي شباب,33.755461,46.6817
3730517,پل سیمره - حمیل (مرز استان),833662,پل سیمره - حمیل (مرز استان),33.74817,46.97239
3730518,پل سيمره - ايلام,833666,پل سيمره - ايلام,33.63721,47.02315
3730519,صالح‌آباد - مهران (گلان),833701,صالح‌آباد - مهران (گلان),33.415758,46.262672
3730520,مهران - دهلران,833702,مهران - دهلران,33.096067,46.333667
3730521,مهران - ملکشاهي (سه راهي بانرحمان),833703,مهران - ملکشاهي (سه راهي بانرحمان),33.102842,46.261462
3730522,مهران - ملکشاهي,833704,مهران- ملکشاهي,33.354544,46.61305
3730523,مهران - صالح‌آباد (رضاآباد),833705,مهران - صالح‌آباد (رضاآباد),33.21625,46.24541
3730524,سه راهي آذر - ترمينال برکت,833706,سه راهي آذر - ترمينال برکت,33.10186,46.22941
3730525,مهران - ترمينال برکت,833707,مهران - ترمينال برکت,33.168614,46.205764
3730526,سه راهي آذر - پايانه برکت,833711,سه راهي آذر - پايانه برکت,33.087154,46.162375
3730527,مهران - صالح‌آباد (گلان),833751,مهران - صالح‌آباد (گلان),33.415758,46.262672
3730528,دهلران - مهران,833752,دهلران - مهران,33.096067,46.333667
3730529,ملکشاهي - مهران (سه راهي بانرحمان),833753,ملکشاهي - مهران (سه راهي بانرحمان),33.102842,46.261462
3730530,ملکشاهي - مهران,833754,ملکشاهي- مهران,33.354544,46.61305
3730531,صالح‌آباد - مهران (رضاآباد),833755,صالح‌آباد - مهران (رضاآباد),33.21625,46.24541
3730532,ترمينال برکت - سه راهي آذر,833756,ترمينال برکت - سه راهي آذر,33.10186,46.22941
3730533,ترمينال برکت - مهران,833757,ترمينال برکت - مهران,33.168614,46.205764
3730534,پايانه برکت - سه راهي آذر,833761,پايانه برکت - سه راهي آذر,33.087154,46.162375
3730535,ياسوج - بابا ميدان,853101,ياسوج - بابا ميدان,30.5647,51.5365
3730536,دهدشت - پاتاوه (دهدشت),853102,دهدشت - پاتاوه (دهدشت),30.808778,50.544201
3729122,ياسوج - سپيدان (سپيدان),853103,ياسوج - سپيدان,30.34373,51.827917
3730538,ياسوج - پاتاوه,853105,ياسوج - پاتاوه,30.7851,51.4229
3730539,ياسوج - سي سخت,853107,ياسوج - سي سخت,30.778022,51.513239
3730540,ياسوج - اقليد (ياسوج),853108,ياسوج - اقليد (ياسوج),30.703636,51.582436
3730541,ياسوج - سپيدار,853111,ياسوج - سپيدار,30.51244,51.50081
3730542,باباميدان - ياسوج,853151,باباميدان - ياسوج,30.5647,51.5365
3730543,پاتاوه - دهدشت (دهدشت),853152,پاتاوه - دهدشت (دهدشت),30.808778,50.544201
3729121,سپيدان - ياسوج (سپيدان),853153,سپيدان - ياسوج,30.34373,51.827917
3730545,پاتاوه - ياسوج,853155,پاتاوه - ياسوج,30.7851,51.4229
3730546,سي سخت - ياسوج,853157,سي سخت - ياسوج,30.778022,51.513239
3730547,اقليد - ياسوج (ياسوج),853158,اقليد - ياسوج (ياسوج),30.703636,51.582436
3730548,سپيدار - ياسوج,853161,سپيدار - ياسوج,30.51244,51.50081
3730549,دهدشت - چرام,853201,دهدشت - چرام,30.7863677,50.59211
3730550,ياسوج - پاتاوه (کمربندي ياسوج),853214,ياسوج - پاتاوه (کمربندي ياسوج),30.712483,51.526362
3730551,بهمئي - بهبهان,853215,بهمئي - بهبهان,30.875069,50.111564
3730552,چرام - دهدشت,853251,چرام - دهدشت,30.7863677,50.59211
3730553,پاتاوه - ياسوج (کمربندي ياسوج ),853264,پاتاوه - ياسوج (کمربندي ياسوج ),30.712483,51.526362
3730554,بهبهان - بهمئي,853265,بهبهان - بهمئي,30.875069,50.111564
3730555,گچساران - باباميدان (بوستان),853301,گچساران - باباميدان (بوستان),30.3098504,50.9709157
3730556,دهدشت - بهبهان,853302,دهدشت - بهبهان,30.536344,50.517311
3730560,گچساران - بهبهان (گچساران - خيرآباد),853303,گچساران - بهبهان (گچساران - خيرآباد),30.52258,50.42255
3730558,باشت - چرام,853306,باشت-چرام,30.7313,50.74359
9000284,,853310,گچساران - چرام,30.6392413,50.7522869
3730559,ياسوج - باباميدان (باباميدان),853311,ياسوج - باباميدان (باباميدان),30.299145,51.502034
3730560,گچساران - بهبهان (گچساران - خيرآباد),853312,گچساران - بهبهان (گچساران - خيرآباد),30.52258,50.42255
3730561,گچساران - ديلم,853314,گچساران - ديلم,30.349888,50.74977
3730562,باباميدان - گچساران (بوستان),853351,باباميدان - گچساران (بوستان),30.3098504,50.9709157
3730563,بهبهان - دهدشت,853352,بهبهان - دهدشت,30.536344,50.517311
3730567,بهبهان - گچساران (خيرآباد - گچساران),853353,بهبهان - گچساران (خيرآباد - گچساران),30.52258,50.42255
3730565,چرام - باشت,853356,چرام-باشت,30.7313,50.74359
9000285,,853360,چرام - گچساران,30.6392413,50.7522869
3730566,باباميدان - ياسوج (باباميدان),853361,باباميدان - ياسوج (باباميدان),30.299145,51.502034
3730567,بهبهان - گچساران (خيرآباد - گچساران),853362,بهبهان - گچساران (خيرآباد - گچساران),30.52258,50.42255
3730568,ديلم - گچساران,853364,ديلم - گچساران,30.34988,50.74977
3730569,سه‌راهي سميرم - پاتاوه,853401,سه‌راهي سميرم - پاتاوه,31.071,51.211
3730543,پاتاوه - دهدشت (دهدشت),853403,پاتاوه - دهدشت,30.808778,50.544201
3730571,ياسوج - چيتاپ,853404,ياسوج - چيتاپ,30.673018,51.514525
3730572,پاتاوه - سه‌راهي سميرم,853451,پاتاوه - سه‌راهي سميرم,31.071,51.211
3730573,دهدست - پاتاوه,853453,دهدست - پاتاوه,30.86,51.33
3730574,چيتاپ - ياسوج,853454,چيتاپ - ياسوج,30.673018,51.514525
3730575,سرخه - آرادان,873101,سرخه-آرادان,35.258591,52.726879
3730576,سمنان - مهديشهر,873102,سمنان - مهديشهر,35.636509,53.345257
3730577,سمنان - فيروزکوه (افتر),873103,سمنان - فيروزکوه (افتر),35.616029,53.11711
3730578,سمنان - دامغان (قوشه - دامغان),873104,سمنان - دامغان (قوشه - دامغان),36.019153,54.08224
3730579,سمنان - سرخه,873105,سمنان - سرخه,35.475456,53.220287
3730580,شهميرزاد - فولاد محله,873106,شهميرزاد - فولاد محله,35.832089,53.427213
3730581,چشمه علی - سه راهی فولاد محله,873107,چشمه علی - سه راهی فولاد محله,36.1567,53.8747
3730582,مهديشهر - شهميرزاد,873115,مهديشهر - شهميرزاد,35.746383,53.366527
9000286,,873119,سمنان - شهميرزاد (پردازش دوربين نظارتي),35.676263,53.3423138
3730583,آرادان - سرخه,873151,آرادان-سرخه,35.258591,52.726879
3730584,مهديشهر - سمنان,873152,مهديشهر - سمنان,35.636509,53.345257
3730585,فيروزکوه - سمنان (افتر),873153,فيروزکوه - سمنان (افتر),35.616029,53.11711
3730586,دامغان - سمنان (دامغان - قوشه),873154,دامغان - سمنان (دامغان - قوشه),36.019153,54.08224
3730587,سرخه - سمنان,873155,سرخه - سمنان,35.475456,53.220287
3730588,فولاد محله - شهميرزاد,873156,فولاد محله - شهميرزاد,35.832089,53.427213
9000287,,873157,سه راهی فولاد محله - چشمه علی,36.1567,53.8747
3730589,شهميرزاد - مهديشهر,873165,شهميرزاد - مهديشهر,35.746383,53.366527
9000288,,873169,شهميرزاد - سمنان (پردازش دوربين نظارتي),35.676263,53.3423138
3730590,دامغان - سمنان (صيد آباد) (متناظر توزين),873202,دامغان - سمنان (صيد آباد) (متناظر توزين),36.070205,54.171511
3730591,دامغان - معلمان,873203,دامغان - معلمان,36.0164,54.300289
3730592,دامغان - چشمه علي,873204,دامغان - چشمه علي,36.193396,54.250575
3730593,سمنان - دامغان (سمنان - قوشه),873205,سمنان - دامغان (سمنان - قوشه),35.83831,53.87677
3730594,سه راهي فولادمحله - کياسر,873228,سه راهي فولادمحله - کياسر,36.12237,53.76439
3730595,سه راهي بيارجمند - بيارجمند,873229,سه راهي بيارجمند - بيارجمند,36.397846,55.794113
3730596,سمنان - دامغان (کمربندي سمنان) (متناظر توزين),873230,سمنان - دامغان (کمربندي سمنان) (متناظر توزين),35.60268,53.40845
3730597,معلمان - دامغان,873253,معلمان - دامغان,36.0164,54.300289
3730598,چشمه علي - دامغان,873254,چشمه علي - دامغان,36.193396,54.250575
3730599,دامغان - سمنان (قوشه - سمنان),873255,دامغان - سمنان (قوشه - سمنان),35.83913,53.87687
3730600,کياسر - سه راهي فولادمحله,873278,کياسر - سه راهي فولادمحله,36.12237,53.76439
3730601,بيارجمند - سه راهي بيارجمند,873279,بيارجمند - سه راهي بيارجمند,36.397846,55.794113
3730602,دامغان - سمنان (کمربندي سمنان),873280,دامغان - سمنان (کمربندي سمنان),35.60268,53.40845
3730603,شاهرود - ميامي (متناظر توزين),873301,شاهرود - ميامي (متناظر توزين),36.445446,55.313915
3730604,شاهرود - دامغان (دهملا - دامغان),873302,شاهرود - دامغان (دهملا - دامغان),36.247674,54.603417
3730605,شاهرود - آزادشهر (بسطام - خوش ييلاق),873303,شاهرود - آزادشهر (بسطام - خوش ييلاق),36.679389,55.154249
3730606,ميامي - ري آباد,873305,ميامي - ري آباد,36.444348,55.681737
3730607,ميامي - کاهک,873306,ميامي - کاهک,36.4123,55.9343
3730608,معلمان - جندق,873307,معلمان - جندق,35.215844,54.560905
3730609,دامغان - شاهرود (دهملا - شاهرود),873308,دامغان - شاهرود (دهملا - شاهرود),36.298059,54.779836
3728756,شاهرود - سبزوار (داورزن - سبزوار),873326,شاهرود - سبزوار,36.33525,56.944789
3730610,شاهرود - بسطام,873327,شاهرود - بسطام,36.470782,54.994592
3730611,شاهرود - گرگان,873328,شاهرود - گرگان,36.497368,54.748719
3730612,شاهرود - طرود(معلمان),873329,شاهرود - طرود(معلمان),36.27646,54.986185
3730613,ميامي - شاهرود,873351,ميامي - شاهرود,36.445826,55.313787
3730614,دامغان - شاهرود (دامغان - دهملا),873352,دامغان - شاهرود (دامغان - دهملا),36.247483,54.603665
3730615,آزادشهر - شاهرود (خوش ييلاق - بسطام),873353,آزادشهر - شاهرود (خوش ييلاق - بسطام),36.679389,55.154249
3730616,ري آباد - ميامي,873355,ري آباد - ميامي,36.444348,55.681737
3730617,کاهک - ميامي,873356,کاهک - ميامي,36.4123,55.9343
3730618,جندق - معلمان,873357,جندق - معلمان,35.215844,54.560905
3730619,شاهرود - دامغان (شاهرود - دهملا),873358,شاهرود - دامغان (شاهرود - دهملا),36.298652,54.778811
3728750,سبزوار - شاهرود (سبزوار - داورزن),873376,سبزوار - شاهرود,36.33525,56.944789
3730620,بسطام - شاهرود,873377,بسطام - شاهرود,36.470782,54.994592
3730621,گرگان - شاهرود,873378,گرگان - شاهرود,36.497368,54.748719
3730622,طرود - شاهرود(معلمان),873379,طرود - شاهرود(معلمان),36.27646,54.986185
3730628,ايوانکي - شريف‌آباد,873401,ايوانکي - شريف‌آباد,35.371057,51.928837
3730623,شريف آباد - ايوانکي,873402,شريف آباد - ايوانکي,35.36983,51.92465
3730624,ايوانکي - گرمسار,873403,ايوانکي - گرمسار,35.301089,52.139331
3730625,آزادراه قم - گرمسار (گرمسار),873404,آزادراه قم - گرمسار (گرمسار),35.20617,52.20705
3730626,گرمسار - آرادان,873405,گرمسار - آرادان,35.243552,52.416439
3730627,ايوانکي - آبسرد (ايوانکي - دوآب),873415,ايوانکي - آبسرد (ايوانکي - دوآب),35.392475,52.130501
9000289,,873451,شريف‌آباد - ايوانکي,35.371057,51.928837
3730628,ايوانکي - شريف‌آباد,873452,ايوانکي - شريف‌آباد,35.371057,51.928837
3730629,گرمسار - ايوانکي,873453,گرمسار - ايوانکي,35.301089,52.139331
3730630,آزادراه گرمسار - قم (گرمسار) (متناظر توزين),873454,آزادراه گرمسار - قم (گرمسار) (متناظر توزين),35.20617,52.20705
3730631,آرادان - گرمسار,873455,آرادان - گرمسار,35.246077,52.414979
3730632,آبسرد - ايوانکي (دوآب - ايوانکي),873465,آبسرد - ايوانکي (دوآب - ايوانکي),35.392475,52.130501
3730633,اردبيل - آستارا (گيلانده - نمين) (متناظر توزين),913101,اردبيل - آستارا (گيلانده - نمين),38.3245,48.3945
3730634,اردبيل - خلخال (اردبيل),913102,اردبيل - خلخال,38.168932,48.391438
3730635,اردبيل - سرعين,913103,اردبيل - سرعين,38.13168,48.09445
3730636,اردبيل - گرمي (ساميان),913104,اردبيل - گرمي (ساميان),38.4073,48.2548
3730637,اردبيل - سرچم (كجل) (مرز استان),913106,اردبيل - سرچم (كجل) (مرز استان),37.421893,48.179862
9000290,,913107,اردبيل - سه راهي سرعين,38.1507743,48.1855309
3730638,نير - سراب (نير),913108,نير - سراب (نير),38.005483,47.96493
3730651,اردبيل - سرعين (ارجستان),913113,اردبيل - سرعين (ارجستان),38.21833,48.15893
3730639,آستارا - اردبيل (نمين - گيلانده),913151,آستارا - اردبيل (نمين - گيلانده),38.3245,48.3945
3730640,خلخال - اردبيل (اردبيل),913152,خلخال - اردبيل,38.168932,48.391438
3730641,سرعين - اردبيل,913153,سرعين - اردبيل,38.13168,48.09445
3730642,گرمي - اردبيل (ساميان),913154,گرمي - اردبيل (ساميان),38.4073,48.2548
3730643,سرچم - اردبيل (كجل) (مرز استان),913156,سرچم - اردبيل (كجل) (مرز استان),37.421893,48.179862
9000291,,913157,سه راهي سرعين - اردبيل,38.1507743,48.1855309
3730644,سراب - نير (نير),913158,سراب - نير (نير),38.005483,47.96493
3730659,سرعين - اردبيل (ارجستان),913163,سرعين - اردبيل (ارجستان),38.21833,48.15893
3730645,اردبیل - نير (نیر),913201,اردبیل - نير (نیر),38.038306,48.029304
3728586,نير - سراب (سراب),913202,نير - سراب,37.939975,47.677486
3730646,اردبيل - آبي بيگلو,913203,اردبيل - آبي بيگلو,38.245405,48.337683
3730647,اردبيل - فاراب,913218,اردبيل - فاراب,37.87246,48.37309
3730648,اردبيل - نير (شام اسبي),913225,اردبيل - نير (شام اسبي),38.188889,48.234889
3730649,اردبيل - آستارا (اردبيل - گيلانده) (خروجي اردبيل),913226,اردبيل - آستارا (اردبيل - گيلانده),38.29,48.33
3730634,اردبيل - خلخال (اردبيل),913227,اردبيل - خلخال,38.168932,48.391438
3730651,اردبيل - سرعين (ارجستان),913228,اردبيل - سرعين (ارجستان),38.21833,48.15893
3730652,اردبيل - گرمي (رضي - گرمي) (اميرکندي),913229,اردبيل - گرمي (رضي - گرمي),38.850846,47.9639
3730653,نير - اردبیل (نیر),913251,نير - اردبیل (نیر),38.038306,48.029304
3728585,سراب - نير (سراب),913252,سراب - نير ,37.939975,47.677486
3730654,آبي بيگلو - اردبيل,913253,آبي بيگلو - اردبيل,38.245405,48.337683
3730655,فاراب - اردبيل,913268,فاراب - اردبيل,37.87246,48.37309
3730656,نير - اردبيل (شام اسبي),913275,نير - اردبيل (شام اسبي),38.188889,48.234889
3730657,آستارا - اردبيل (گيلانده - اردبيل) (ورودي اردبيل),913276,آستارا - اردبيل (گيلانده - اردبيل),38.29,48.33
3730658,خلخال - اردبيل (متناظر توزين),913277,خلخال - اردبيل (متناظر توزين),38.133032,48.443896
3730659,سرعين - اردبيل (ارجستان),913278,سرعين - اردبيل (ارجستان),38.21833,48.15893
3730660,گرمي - اردبيل (گرمي - رضي) (اميرکندي),913279,گرمي - اردبيل (گرمي - رضي),38.850846,47.9639
3730661,اردبيل - آستارا (تونل حيران - آق چاي),913301,اردبيل - آستارا (تونل حيران - آق چاي),38.40835,48.59552
3730662,آستارا - اردبيل (آق چاي - تونل حيران),913351,آستارا - اردبيل (آق چاي - تونل حيران),38.40835,48.59552
3730663,بيله سوار - سه راهي بيله سوار,913401,بيله سوار - سه راهي بيله سوار,39.34646,48.27187
3730664,بيله سوار - گرمي,913402,بيله سوار - گرمي,39.30989,48.17391
3730665,جعفرآباد - پارس آباد,913405,جعفرآباد - پارس آباد,39.50532,48.037
3730666,سه راهي بيله سوار - بيله سوار,913451,سه راهي بيله سوار - بيله سوار,39.34646,48.27187
3730667,گرمي - بيله سوار,913452,گرمي - بيله سوار,39.30989,48.17391
3730668,پارس آباد - جعفرآباد,913455,پارس آباد - جعفرآباد,39.50532,48.037
3730669,سه‌راهي سربند - بران,913501,سه‌راهي سربند - بران,39.553711,47.673237
3730670,سه‌راهي سربند - اصلاندوز,913502,سه‌راهي سربند - اصلاندوز,39.561184,47.660235
3730671,اردبيل - مشکين‌شهر (ارباب کندي),913503,اردبيل - مشکين‌شهر (ارباب کندي),38.49274,47.9761
3730672,اصلاندوز - کليبر,913507,اصلاندوز - کليبر,39.42569,47.38197
3730676,پارس آباد - سه راهي سربند,913508,پارس آباد - سه راهي سربند,39.600341,47.74783
3730673,اردبيل - آستارا (نمين - تونل حيران) (مرز استان),913509,اردبيل - آستارا (نمين - تونل حيران) (مرز استان),38.430013,48.546313
3730674,جعفرآباد - بيله سوار,913510,جعفرآباد - بيله سوار,39.38674,48.20406
3730675,بران - قره‌آغاج,913511,بران - قره‌آغاج,39.260003,47.531864
3730676,پارس آباد - سه راهي سربند,913517,پارس آباد - سه راهي سربند,39.600341,47.74783
3730677,بران - سه‌راهي سربند,913551,بران - سه‌راهي سربند,39.553711,47.673237
3730678,اصلاندوز - سه‌راهي سربند,913552,اصلاندوز - سه‌راهي سربند,39.561184,47.660235
3730679,مشکين‌شهر - اردبيل (ارباب کندي),913553,مشکين‌شهر - اردبيل (ارباب کندي),38.49274,47.9761
3730680,کليبر - اصلاندوز,913557,کليبر - اصلاندوز,39.42569,47.38197
3730684,سه راهي سربند - پارس آباد,913558,سه راهي سربند - پارس آباد,39.600341,47.74783
3730681,آستارا - اردبيل (تونل حيران - نمين) (مرز استان),913559,آستارا - اردبيل (تونل حيران - نمين),38.430013,48.546313
3730682,بيله سوار - جعفرآباد,913560,بيله سوار - جعفرآباد,39.38674,48.20406
3730683,قره‌آغاج - بران,913561,قره‌آغاج - بران,39.260003,47.531864
3730684,سه راهي سربند - پارس آباد,913567,سه راهي سربند - پارس آباد,39.600341,47.74783
3730685,خلخال - اسالم (راهدارخانه الماس),913601,خلخال - اسالم (راهدارخانه الماس),37.5885,48.6747
3730686,خلخال - اسالم (مجره),913602,خلخال - اسالم (مجره),37.584202,48.586707
3730687,سه راهي سرچم - خلخال,913603,سه راهي سرچم - خلخال,37.606973,48.789479
3730688,خلخال - گيوي,913607,خلخال - گيوي,37.658887,48.507832
3730689,اسالم - خلخال (راهدارخانه الماس),913651,اسالم - خلخال (راهدارخانه الماس),37.5885,48.6747
3730690,اسالم - خلخال (مجره),913652,اسالم - خلخال (مجره),37.584202,48.586707
3730691,خلخال - سه راهي سرچم,913653,خلخال - سه راهي سرچم,37.606973,48.789479
3730692,گيوي - خلخال,913657,گيوي - خلخال,37.658887,48.507832
3730693,اردبيل - خلخال (فاراب),913701,اردبيل - خلخال (فاراب),37.7226967,48.293427
3730694,خلخال - اردبيل (فاراب),913751,خلخال - اردبيل (فاراب),37.7226967,48.293427
3730695,قره آغاج - انگوت,913801,قره آغاج - انگوت,39.014264,47.685993
3730696,قره آغاج - سه راه لاهرود,913803,قره آغاج - سه راه لاهرود,38.62561,47.805761
3730697,انگوت - قره آغاج,913851,انگوت - قره آغاج,39.014264,47.685993
3730698,سه راه لاهرود - قره آغاج,913853,سه راه لاهرود - قره آغاج,38.62561,47.805761
3730699,مشگين شهر - اهر (مرز استان),913901,مشگين شهر - اهر (مرز استان),38.36545,47.443021
3730652,اردبيل - گرمي (رضي - گرمي) (اميرکندي),913902,اردبيل - گرمي (رضي - گرمي),38.850846,47.9639
3730700,گرمي - اردبيل (رضي - سه‌راه صحرا),913904,گرمي - اردبيل (رضي - سه‌راه صحرا),38.53291,48.19524
9000292,,913905,سه راهي مشگين شهر - قره آغاج,37.49691231,46.91543709
3730701,سه‌راهي لاهرود - مشکين‌شهر,913906,سه‌راهي لاهرود - مشکين‌شهر,38.53512,47.84338
3730702,مشکين شهر - کنگرلو,913911,مشکين شهر - کنگرلو,38.544472,47.783336
3730703,اهر - مشگين شهر (مرز استان),913951,اهر - مشگين شهر (مرز استان),38.36545,47.443021
3730660,گرمي - اردبيل (گرمي - رضي) (اميرکندي),913952,گرمي - اردبيل (گرمي - رضي),38.850846,47.9639
3730704,اردبيل - گرمي (سه‌راه صحرا - رضي),913954,اردبيل - گرمي (سه‌راه صحرا - رضي),38.53291,48.19524
9000293,,913955,قره آغاج - سه راهي مشگين شهر,37.49691231,46.91543709
3730705,مشکين‌شهر - سه‌راهي لاهرود,913956,مشکين‌شهر - سه‌راهي لاهرود,38.53512,47.84338
3730706,کنگرلو - مشکين شهر,913961,کنگرلو - مشکين شهر,38.544472,47.783336
3730707,کمربندي يزد - زارچ,933105,کمربندي يزد - زارچ,31.887581,54.267304
3730708,يزد - مهريز,933106,يزد - مهريز,31.650304,54.460807
3730709,يزد - فولادآلياژي,933107,يزد - فولادآلياژي,31.898729,54.158474
3730710,يزد - خويدک,933108,يزد - خويدک,31.770069,54.425377
3730711,يزد - تفت,933109,يزد - تفت,31.821677,54.286391
3730712,يزد - بافق (فهرج),933110,يزد - بافق (فهرج),31.77347,54.53992
3730713,يزد - خرانق,933115,يزد - خرانق,32.06053,54.212917
3730714,يزد - ندوشن (فولاد آلياژي),933117,يزد - ندوشن (فولاد آلياژي),31.91879,54.039424
3730715,کمربندي يزد - تفت,933118,کمربندي يزد - تفت,31.75261,54.24474
3730716,کمربندي زارچ - يزد,933155,کمربندي زارچ - يزد,31.887581,54.267304
3730717,مهريز - يزد,933156,مهريز - يزد,31.650304,54.460807
3730718,فولادآلياژي - يزد,933157,فولادآلياژي - يزد,31.898729,54.158474
3730719,خويدک - يزد,933158,خويدک - يزد,31.770069,54.425377
3730720,تفت - يزد,933159,تفت - يزد,31.821677,54.286391
3730721,بافق - يزد (فهرج),933160,بافق - يزد (فهرج),31.77347,54.53992
3730722,خرانق - يزد,933165,خرانق - يزد,32.06053,54.212917
3730723,ندوشن - يزد (فولاد آلياژي),933167,ندوشن - يزد (فولاد آلياژي),31.91879,54.039424
3730724,کمربندي تفت - يزد,933168,کمربندي تفت - يزد,31.75261,54.24474
3730708,يزد - مهريز,933169,يزد - مهريز,31.650304,54.460807
3730725,عقدا - نائين (عقدا) (متناظر توزين),933201,عقدا - نائين (عقدا) (متناظر توزين),32.540113,53.513716
3730726,يزد - خضرآباد,933202,يزد - خضرآباد,31.866871,54.155498
3730727,يزد - مهريز (متناظر توزين),933209,يزد - مهريز (متناظر توزين),31.728335,54.440408
3730728,خويدک - عسکريه,933210,خويدک - عسکريه,31.807461,54.498751
3730729,ندوشن - نصرآباد (سه راهي شواز),933211,ندوشن - نصرآباد (سه راهي شواز),31.7616,53.8497
3730730,نائين - عقدا (عقدا),933251,نائين - عقدا,32.540113,53.513716
3730731,خضرآباد - يزد,933252,خضرآباد - يزد,31.866871,54.155498
3730732,مهريز - يزد (متناظر توزين),933259,مهريز - يزد (متناظر توزين),31.690463,54.455297
3730733,عسکريه - خويدک,933260,عسکريه - خويدک,31.807461,54.498751
3730734,نصرآباد - ندوشن (سه راهي شواز),933261,نصرآباد - ندوشن (سه راهي شواز),31.7616,53.8497
3730735,اردکان - چوپانان,933302,اردکان - چوپانان,32.447219,54.047184
3730736,اردکان - عقدا,933303,اردکان - عقدا,32.437235,53.720599
3730737,رباط پشت بادام - خور,933304,رباط پشت بادام - خور,33.07981,55.5705
3730738,اردکان - هامانه (چک چک),933306,اردکان - هامانه (چک چک),32.35494,54.270255
3730739,چوپانان - اردکان,933352,چوپانان - اردکان,32.447219,54.047184
3730740,عقدا - اردکان,933353,عقدا - اردکان,32.437235,53.720599
3730741,خور - رباط پشت بادام,933354,خور - رباط پشت بادام,33.07981,55.5705
3730742,هامانه - اردکان (چک چک),933356,هامانه - اردکان (چک چک),32.35494,54.270255
3730743,بافق - نوق,933401,بافق - نوق,31.573525,55.447286
3730744,بافق - يزد (ذوب روي),933402,بافق - يزد (ذوب روي),31.705888,55.102544
3730745,بهاباد - چادرملو,933403,بهاباد - چادرملو,32.008949,55.947572
3730746,بهاباد - آسفيج,933404,بهاباد - آسفيج,31.83898,56.05097
3730747,بافق - بهاباد,933405,بافق - بهاباد,31.853521,55.818554
3730748,بافق - بهاباد (سه راهي چاهون),933406,بافق - بهاباد (سه راهي چاهون),31.781209,55.567207
3730749,بهاباد - جلگه,933407,بهاباد - جلگه,31.936191,55.970091
3730750,نوق - بافق,933451,نوق - بافق,31.573525,55.447286
3730751,يزد - بافق (ذوب روي),933452,يزد - بافق (ذوب روي),31.705888,55.102544
3730752,چادرملو - بهاباد,933453,چادرملو - بهاباد,32.008949,55.947572
3730753,آسفيج - بهاباد,933454,آسفيج - بهاباد,31.83898,56.05097
3730754,بهاباد - بافق,933455,بهاباد - بافق,31.853521,55.818554
3730755,بهاباد - بافق (سه راهي چاهون),933456,بهاباد - بافق (سه راهي چاهون),31.781209,55.567207
3730756,جلگه - بهاباد,933457,جلگه - بهاباد,31.936191,55.970091
3730757,تفت - دهشير (اسلاميه),933502,تفت - دهشير (اسلاميه),31.730584,54.12613
3730758,فيض‌آباد - سانيج,933503,فيض‌آباد - سانيج,31.70002,54.000445
3730759,تفت - ده بالا,933504,تفت - ده بالا,31.69406,54.19332
3730760,دهشير - مهريز,933505,دهشير - مهريز,31.45338,53.75845
3730761,تفت - دهشير (گردنه علي آباد),933506,تفت - دهشير (گردنه علي آباد),31.6297,53.83375
3730762,دهشير - تفت (اسلاميه),933552,دهشير - تفت (اسلاميه),31.730584,54.12613
3730763,سانيج - فيض‌آباد,933553,سانيج - فيض‌آباد,31.70002,54.000445
3730764,ده بالا - تفت,933554,ده بالا - تفت,31.69406,54.19332
3730765,مهريز - دهشير,933555,مهريز - دهشير,31.45338,53.75845
3730766,دهشير - تفت (گردنه علي آباد),933556,دهشير - تفت (گردنه علي آباد),31.6297,53.83375
3730767,ابرکوه - سه راهي سورمق,933601,ابرکوه - سه راهي سورمق,31.04172,52.96057
3730768,ابرکوه - دهشير,933603,ابرکوه - دهشير,31.41037,53.68962
3730769,مروست - ابرکوه,933612,مروست - ابرکوه,30.781515,53.657852
3730770,ابرکوه - جرقوييه,933613,ابرکوه - جرقوييه,31.123011,53.161935
3730771,ابرکوه - مهردشت,933614,ابرکوه - مهردشت,31.048324,53.336576
3730772,سه راهي سورمق - ابرکوه,933651,سه راهي سورمق - ابرکوه,31.04172,52.96057
3730773,دهشير - ابرکوه,933653,دهشير - ابرکوه,31.41037,53.68962
3730774,ابرکوه - مروست,933662,ابرکوه - مروست,30.781515,53.657852
3730775,جرقوييه - ابرکوه,933663,جرقوييه - ابرکوه,31.123011,53.161935
3730776,مهردشت - ابرکوه,933664,مهردشت - ابرکوه,31.048324,53.336576
3730777,مهريز - خاتم,933701,مهريز - خاتم,31.528473,54.450918
3730778,مهريز - انار (مهريز),933702,مهريز - انار (مهريز),31.556245,54.515691
3730779,مهريز - منشاد,933703,مهريز - منشاد,31.613002,54.381797
3730780,مهريز - کنجکوه,933704,مهريز - کنجکوه,31.601089,54.401462
3730781,مهريز - انار (مرز استان),933713,مهريز - انار (مرز استان),31.0689,55.0375
3730782,مهريز - مروست,933714,مهريز - مروست,31.26288,54.26427
3730783,بهاباد - کوهبنان (مرز استان),933715,بهاباد - کوهبنان (مرز استان),31.4699,55.9951
3730784,خاتم - مهريز,933751,خاتم - مهريز,31.528473,54.450918
3730785,انار - مهريز (مهريز),933752,انار - مهريز (مهريز),31.556245,54.515691
3730786,منشاد - مهريز,933753,منشاد - مهريز,31.613002,54.381797
3730787,کنجکوه - مهريز,933754,کنجکوه - مهريز,31.601089,54.401462
3730788,انار - مهريز (مرز استان),933763,انار - مهريز (مرز استان),31.0689,55.0375
3730789,مروست - مهريز,933764,مروست - مهريز,31.26288,54.26427
3730790,کوهبنان - بهاباد (مرز استان),933765,کوهبنان - بهاباد (مرز استان),31.4699,55.9951
3730791,کمربندي شرقي ميبد - اردکان,933801,کمربندي شرقي ميبد - اردکان,32.153655,54.122212
3730792,يزد - ميبد,933802,يزد - ميبد,32.142789,54.09625
3730793,کمربندي غربي ميبد - اردکان,933803,کمربندي غربي ميبد - اردکان,32.18862,53.99779
3730794,ميبد - ندوشن,933804,ميبد - ندوشن,32.056028,53.744366
3730795,کمربندي شرقي اردکان - ميبد,933851,کمربندي شرقي اردکان - ميبد,32.153655,54.122212
3730796,ميبد - يزد,933852,ميبد - يزد,32.142789,54.09625
3730797,کمربندي غربي اردکان - ميبد,933853,کمربندي غربي اردکان - ميبد,32.18862,53.99779
3730798,ندوشن - ميبد,933854,ندوشن - ميبد,32.056028,53.744366
3730799,يزد - طبس (چادرملو),933904,يزد - طبس (چادرملو),32.48085,55.06388
3730800,يزد - طبس (ساغند),933905,يزد - طبس (ساغند),32.52958,55.23546
3730801,يزد - طبس ( بياضيه),933906,يزد - طبس ( بياضيه),33.06648,55.57496
3730802,طبس - يزد (چادرملو),933954,طبس - يزد (چادرملو),32.48085,55.06388
3730803,طبس - يزد (ساغند),933955,طبس - يزد (ساغند),32.52958,55.23546
3730804,طبس - يزد ( بياضيه),933956,طبس - يزد ( بياضيه),33.06648,55.57496
3729328,هرات - شهربابک (شهربابک),934101,هرات - شهربابک,30.119355,54.884191
3730806,هرات - مروست,934102,هرات - مروست,30.087971,54.346202
3730807,هرات - نيريز,934103,هرات - نيريز,30.028413,54.379376
3730808,سه راهي هرابرجان - بوانات (توتک),934104,سه راهي هرابرجان - بوانات (توتک),30.322229,54.113298
3730809,ابرکوه - صفاشهر (مرز استان),934108,ابرکوه - صفاشهر (مرز استان),30.9094,53.4206
3729325,شهربابک - هرات (شهربابک),934151,شهربابک - هرات,30.119945,54.883969
3730811,مروست - هرات,934152,مروست - هرات,30.087971,54.346202
3730812,نيريز - هرات,934153,نيريز - هرات,30.028413,54.379376
3730813,بوانات - سه راهي هرابرجان (توتک),934154,بوانات - سه راهي هرابرجان (توتک),30.320706,54.033809
3730814,صفاشهر - ابرکوه (مرز استان),934158,صفاشهر - ابرکوه (مرز استان),30.9094,53.4206
3730815,زارچ - مهریز (انتهای کنارگذر یزد),939312,زارچ - مهریز (انتهای کنارگذر یزد),31.761715,54.416036
3730816,مهریز - زارچ (ابتدای کنارگذر یزد),939362,مهریز - زارچ (ابتدای کنارگذر یزد),31.761715,54.416036
3730817,بوشهر - چغادک (چغادک),953101,بوشهر - چغادک,28.96741,51.003916
3730818,بوشهر - دير (عامري),953102,بوشهر - دير,28.72806,51.070556
3730819,بوشهر - گناوه,953103,بوشهر - گناوه,28.955278,50.953889
9000294,,953105,چغادک - برازجان,29.135969,51.083293
3730820,خروجي بوشهر (بوشهر - چغادک),953114,خروجي بوشهر (بوشهر - چغادک),28.932268,50.90959
3730821,عالي شهر - نيروگاه اتمي,953115,عالي شهر - نيروگاه اتمي,28.927864,51.014947
3730822,سه راهي عاليشهر - تنگک سوم,953126,سه راهي عاليشهر - تنگک سوم,28.916754,50.985675
3730823,بوشهر - دلوار,953127,بوشهر - دلوار,28.88354,51.027875
3730824,چغادک - اهرم,953128,چغادک - اهرم,28.979183,51.07307
3730825,چغادک - بوشهر (چغادک),953151,چغادک - بوشهر,28.96741,51.003916
3730826,دير - بوشهر (عامري),953152,دير - بوشهر,28.72806,51.070556
3730827,گناوه - بوشهر,953153,گناوه - بوشهر,28.955278,50.953889
9000295,,953155,برازجان - چغادک,29.135969,51.083293
3730828,ورودي بوشهر (چغادک بوشهر),953164,ورودي بوشهر (چغادک بوشهر),28.932268,50.90959
3730829,نيروگاه اتمي - عالي شهر,953165,نيروگاه اتمي - عالي شهر,28.927865,51.014948
3730830,تنگک سوم - سه راهي عاليشهر,953176,تنگک سوم - سه راهي عاليشهر,28.916754,50.985675
3730831,دلوار - بوشهر,953177,دلوار - بوشهر,28.88354,51.027875
3730832,اهرم - چغادک,953178,اهرم - چغادک,28.979183,51.07307
3730833,چغادک - خورموج (خورموج),953201,چغادک - خورموج,28.743083,51.306972
3730834,اهرم - فراشبند,953202,اهرم - فراشبند,28.86799,51.33843
3730835,اهرم - دلوار,953203,اهرم - دلوار,28.842314,51.179447
3730836,بوشهر - برازجان (متناظر توزين),953214,بوشهر - برازجان (متناظر توزين),29.047354,51.053165
3730837,خورموج - چغادک (خورموج),953251,خورموج - چغادک,28.743083,51.306972
3730838,فراشبند - اهرم,953252,فراشبند - اهرم,28.86799,51.33843
3730839,دلوار - اهرم,953253,دلوار - اهرم,28.842314,51.179447
3730840,برازجان - بوشهر (متناظر توزين),953264,برازجان - بوشهر (متناظر توزين),29.047354,51.053165
3730841,دير(جاده ساحلي) - بردخون کهنه,953302,دير(جاده ساحلي) - بردخون کهنه,27.845361,51.880111
3730842,بردخون کهنه - دير(جاده ساحلي),953352,بردخون کهنه - دير(جاده ساحلي),27.845361,51.880111
3730843,برازجان - کازرون (برازجان - دالکي) (متناظر توزين),953401,برازجان - کازرون (برازجان - دالکي) (متناظر توزين),29.375721,51.269355
3730844,برازجان - اهرم,953402,برازجان - اهرم,28.940833,51.277667
3730845,کلمه - بنداروز,953403,کلمه - بنداروز,29.211815,51.235231
3730846,برازجان - کازرون (دالکي - کنارتخته),953404,برازجان - کازرون (دالکي - کنارتخته),29.4630744,51.286675
9000296,,953406,برازجان - گناوه بعد از سه راه بندر ريگ,29.5639762,50.6363082
3730847,برازجان - تنگ ارم,953408,برازجان - تنگ ارم,29.466654,51.334545
3730848,برازجان - ابپخش,953418,برازجان - ابپخش,29.281293,51.14811
3730849,کازرون - برازجان (دالکي - برازجان),953451,کازرون - برازجان (دالکي - برازجان),29.375721,51.269355
3730850,اهرم - برازجان,953452,اهرم - برازجان,28.940833,51.277667
3730851,بنداروز - کلمه,953453,بنداروز - کلمه,29.211815,51.235231
3730852,کازرون - برازجان (کنارتخته - دالکي),953454,کازرون - برازجان (کنارتخته - دالکي),29.4630744,51.286675
9000297,,953456,گناوه بعد از سه راه بندر ريگ - برازجان,29.5639762,50.6363082
3730853,تنگ ارم - برازجان,953458,تنگ ارم - برازجان,29.466654,51.334545
3730854,ابپخش - برازجان,953468,ابپخش - برازجان,29.281059,51.14708
3730855,خورموج - کنگان (خورموج),953504,خورموج - کنگان,28.55474,51.39323
3730856,خورموج - درازي,953505,خورموج - درازي,28.640916,51.287519
3730857,کنگان - خورموج (خورموج),953554,کنگان - خورموج,28.55474,51.39323
3730858,درازي - خورموج,953555,درازي - خورموج,28.640916,51.287519
3730859,کنگان - عسلويه,953601,کنگان - عسلويه,27.750083,52.174833
3730860,بندر سيراف - جم,953602,بندر سيراف - جم,27.810586,52.291192
9000298,,953603,پارسيان - عسلويه (سه‌راهي لامرد - عسلويه),27.4180239,52.759738
3730861,جم - فيروزآباد (جم),953604,جم - فيروزآباد (جم),27.806456,52.379075
3730862,دير - کنگان (متناظر توزين),953605,دير - کنگان (متناظر توزين),27.898223,52.007028
9000299,,953610,عسلويه - لامرد,27.4584731,52.8626919
3730863,عسلويه - سيراف,953611,عسلويه - سيراف,27.653126,52.412179
3730864,سه راهي دير - بردستان,953612,سه راهي دير - بردستان,27.921792,51.983557
3730865,عسلويه - لامرد(مرز استان),953616,عسلويه - لامرد(مرز استان),27.430644,52.782438
3730866,عسلويه - پارسيان (مرز استان),953617,عسلويه - پارسيان (مرز استان),27.314098,52.875
3729133,بندر شيرينو - چاه کبکان (مرز استان),953618,بندر شيرينو - چاه کبکان (مرز استان),27.70379,52.6071799
3730868,کمربندي کنگان (دوراهک - سه راهي بندرطاهري),953619,کمربندي کنگان (دوراهک - سه راهي بندرطاهري),27.95436,51.96201
3730869,عسلويه - کنگان,953651,عسلويه - کنگان,27.750083,52.174833
3730870,جم - بندر سيراف,953652,جم - بندر سيراف,27.810586,52.291192
9000300,,953653,عسلويه - پارسيان (عسلويه - سه‌راهي لامرد),27.4180239,52.759738
3730871,فيروزآباد - جم (جم),953654,فيروزآباد - جم (جم),27.806456,52.379075
3730872,کنگان - دير,953655,کنگان - دير,27.89369,52.011632
9000301,,953660,لامرد - عسلويه,27.4584731,52.8626919
3730873,سيراف - عسلويه,953661,سيراف - عسلويه,27.653126,52.412179
3730874,بردستان - سه راهي دير,953662,بردستان - سه راهي دير,27.921792,51.983557
3730875,لامرد - عسلويه(مرز استان),953666,لامرد - عسلويه(مرز استان),27.430644,52.782438
3730876,پارسيان - عسلويه (مرز استان),953667,پارسيان - عسلويه (مرز استان),27.314098,52.875
3729126,چاه کبکان - بندر شيرينو (مرز استان),953668,چاه کبکان - بندر شيرينو (مرز استان),27.70379,52.6071799
3730878,کمربندي کنگان (سه راهي بندرطاهري - دوراهک),953669,کمربندي کنگان (سه راهي بندرطاهري - دوراهک),27.95436,51.96201
3730888,برازجان - گناوه,953701,برازجان - گناوه,29.553611,50.686243
3730879,گناوه - ديلم,953702,گناوه - ديلم,29.835,50.278778
9000302,,953703,خوزستان - ديلم (ديلم),30.16799932,50.1271708
3730880,سعدآباد - وحدتيه,953704,سعدآباد - وحدتيه,29.433056,51.164222
3730881,گناوه - سياه مکان,953705,گناوه - سياه مکان,29.7845,50.507389
3730882,گناوه - برازجان,953709,گناوه - برازجان,29.554033,50.699583
3730883,بندر ريگ - بندر گناوه,953710,بندر ريگ - بندر گناوه,29.519044,50.629018
3730884,برازجان - نظرآقا,953711,برازجان - نظرآقا,29.312783,51.191115
3730882,گناوه - برازجان,953751,گناوه - برازجان,29.554033,50.699583
3730885,ديلم - گناوه,953752,ديلم - گناوه,29.835,50.278778
9000303,,953753,ديلم - خوزستان (ديلم),30.16799932,50.1271708
3730886,وحدتيه - سعدآباد,953754,وحدتيه - سعدآباد,29.433056,51.164222
3730887,سياه مکان - گناوه,953755,سياه مکان - گناوه,29.7845,50.507389
3730888,برازجان - گناوه,953759,برازجان - گناوه,29.553611,50.686243
3730889,بندر گناوه - بندر ريگ,953760,بندر گناوه - بندر ريگ,29.506284,50.629018
3730890,نظرآقا - برازجان,953761,نظرآقا - برازجان,29.312783,51.191115
3728990,ديلم - هنديجان,953801,ديلم - هنديجان,30.2195,49.7589
3730892,ديلم - بهبهان,953802,ديلم - بهبهان,30.205168,50.175698
3728982,هنديجان - ديلم,953851,هنديجان - ديلم,30.2195,49.7589
3730894,بهبهان - ديلم,953852,بهبهان - ديلم,30.205168,50.175698
3730895,جاده قديم گرگان - کردکوي,973101,جاده قديم گرگان - کردکوي,36.817055,54.293952
3730896,گرگان - کردکوي,973102,گرگان - کردکوي,36.826828,54.2669
3730897,آق قلا - اينچه برون,973103,آق قلا - اينچه برون,37.045974,54.462032
3730898,گرگان - علي آباد,973105,گرگان - علي آباد,36.851318,54.513923
3730899,گرگان - آق قلا,973106,گرگان - آق قلا,36.929072,54.4373
3730900,گرگان - شاهرود (توسکستان),973107,گرگان - شاهرود (توسکستان),36.82238,54.559774
3730901,کردکوی - بندر گز (ابراهیم آباد),973108,کردکوی - بندر گز (ابراهیم آباد),36.776123,54.033207
3730902,گرگان - سرخنکلاته (کمربندی جدید),973109,گرگان - سرخنکلاته (کمربندی جدید),36.887699,54.558545
3730903,محور قدیم کردکوی - نوکنده (مرز استان),973110,محور قدیم کردکوی - نوکنده (مرز استان),36.73979,53.98961
3730904,جاده قديم کردکوي - گرگان,973151,جاده قديم کردکوي - گرگان,36.817055,54.293952
3730905,کردکوي - گرگان,973152,کردکوي - گرگان,36.826828,54.2669
3730906,اينچه برون - آق قلا,973153,اينچه برون - آق قلا,37.045974,54.462032
3730907,علي آباد - گرگان,973155,علي آباد - گرگان,36.851318,54.513923
3730908,آق قلا - گرگان,973156,آق قلا - گرگان,36.929072,54.4373
3730909,شاهرود - گرگان (توسکستان),973157,شاهرود - گرگان (توسکستان),36.82238,54.559774
3730910,بندر گز - کردکوی (ابراهیم آباد),973158,بندر گز - کردکوی (ابراهیم آباد),36.776123,54.033207
3730911,سرخنکلاته - گرگان (کمربندی جدید),973159,سرخنکلاته - گرگان (کمربندی جدید),36.887699,54.558545
3730912,محور قدیم نوکنده - کردکوی (مرز استان),973160,محور قدیم نوکنده - کردکوی (مرز استان),36.73979,53.98961
3730913,بندرترکمن - آق قلا,973201,بندرترکمن - آق قلا,36.92609,54.13514
3730914,بندر ترکمن - سه راهي يساقي,973202,بندر ترکمن - سه راهي يساقي,36.852165,54.213936
3730915,بندر ترکمن - کردکوي,973204,بندر ترکمن - کردکوي,36.865591,54.07781
3730916,بندر ترکمن - گميشان,973205,بندر ترکمن - گميشان,36.945189,54.08117
3730917,بندر ترکمن - بندر گز (قره سو),973215,بندر ترکمن - بندر گز (قره سو),36.8704,54.06259
3730918,آق قلا - بندرترکمن,973251,آق قلا - بندرترکمن,36.92609,54.13514
3730919,سه راهي يساقي - بندر ترکمن,973252,سه راهي يساقي - بندر ترکمن,36.852165,54.213936
3730920,کردکوي - بندر ترکمن,973254,کردکوي - بندر ترکمن,36.865591,54.07781
3730921,گميشان - بندر ترکمن,973255,گميشان - بندر ترکمن,36.945189,54.08117
3730922,بندر گز - بندر ترکمن (قره سو),973265,بندر گز - بندر ترکمن (قره سو),36.8704,54.06259
3730923,علي آباد - آزادشهر,973301,علي آباد - آزادشهر,37.04158,55.08644
3730924,گرگان - علي آباد (متناظر توزين),973308,گرگان - علي آباد (متناظر توزين),36.867717,54.609117
3730925,آزادشهر - علي آباد,973351,آزادشهر - علي آباد,37.04158,55.08644
3730907,علي آباد - گرگان,973358,علي آباد - گرگان,36.851318,54.513923
3728293,کردکوي - گلوگاه (گلوگاه),973401,کردکوي - گلوگاه,36.739886,53.849916
3728291,گلوگاه - کردکوي (گلوگاه),973451,گلوگاه - کردکوي,36.739886,53.849916
3730929,آزادشهر - شاهرود (آزادشهر - خوش ييلاق),973501,آزادشهر - شاهرود (آزادشهر - خوش ييلاق),36.938919,55.389365
3730930,گنبد - اينچه برون,973502,گنبد - اينچه برون,37.326186,55.166674
3730931,گنبد - مينودشت,973503,گنبد - مينودشت,37.226929,55.35078
3730932,اينچه برون - مرز پل,973505,اينچه برون - مرز پل,37.44287,54.69897
3730933,گنبد - سه راهي کلاله,973506,گنبد - سه راهي کلاله,37.297307,55.347673
3730934,شاهرود - آزادشهر (خوش ييلاق - آزادشهر),973551,شاهرود - آزادشهر (خوش ييلاق - آزادشهر),36.938919,55.389365
3730935,اينچه برون - گنبد,973552,اينچه برون - گنبد,37.326186,55.166674
3730936,مينودشت - گنبد,973553,مينودشت - گنبد,37.226929,55.35078
3730937,مرزپل - اينچه برون,973555,مرزپل - اينچه برون,37.44287,54.69897
3730938,سه راهي کلاله - گنبد,973556,سه راهي کلاله- گنبد ,37.297307,55.347673
3730939,مينودشت - گاليکش,973601,مينودشت - گاليکش,37.251533,55.406155
3730940,گاليکش - مينودشت,973651,گاليکش - مينودشت,37.251533,55.406155
3730941,آق قلا - گنبد,973802,آق قلا - گنبد,37.011715,54.491348
3730942,گنبد کاووس - آزادشهر (کاکا),973808,گنبد کاووس - آزادشهر (کاکا),37.157249,55.072029
3730943,گنبد - آق قلا,973852,گنبد - آق قلا,37.011715,54.491348
3730944,آزادشهر - گنبد کاووس (کاکا),973858,آزادشهر - گنبد کاووس (کاکا),37.157249,55.072029
3730945,آزادشهر - مينودشت,973901,آزادشهر - مينودشت,37.11279,55.19599
3730946,آزادشهر - گنبد,973902,آزادشهر - گنبد,37.114807,55.170633
3730947,آزادشهر - شاهرود (خوش ييلاق),973903,آزادشهر - شاهرود (خوش ييلاق),36.847444,55.34775
3730948,تنگراه - جنگل گلستان,973904,تنگراه - جنگل گلستان,37.396623,55.78821
3730949,مينودشت - آزادشهر,973951,مينودشت - آزادشهر,37.11279,55.19599
3730950,گنبد - آزادشهر,973952,گنبد - آزادشهر,37.114807,55.170633
3730934,شاهرود - آزادشهر (خوش ييلاق - آزادشهر),973953,شاهرود - آزادشهر (خوش ييلاق),36.938919,55.389365
3730952,جنگل گلستان - تنگراه,973954,جنگل گلستان - تنگراه,37.397689,55.792628
3730953,سه‌راهي کلاله - تنگراه,974201,سه‌راهي کلاله - تنگراه,37.397689,55.792628
3730954,کلاله - مراوه تپه,974202,کلاله - مراوه تپه,37.436322,55.495767
3730955,کلاله - سه راهي کلاله,974203,کلاله-سه راهي کلاله,37.3266,55.4811
3730956,مراوه تپه - گنبد کاووس (کرند),974204,مراوه تپه - گنبد کاووس (کرند),37.919864,55.638315
3730957,تنگراه - سه‌راهي کلاله,974251,تنگراه - سه‌راهي کلاله,37.338469,55.573606
3730958,مراوه تپه - کلاله,974252,مراوه تپه - کلاله,37.436322,55.495767
3730959,سه راهي کلاله - کلاله,974253,سه راهي کلاله-کلاله,37.3393,55.4885
3730960,گنبد کاووس - مراوه تپه (کرند),974254,گنبد کاووس - مراوه تپه (کرند),37.919864,55.638315
3727943,شهريار-کرج (هفت جوي),1132123,شهريار-کرج (هفت جوي),35.694783,51.045351
3727958,آزادراه تهران- شمال (قطعه اول - محدوده عوارضي تهران),1132149,آزادراه تهران- شمال (قطعه اول - محدوده عوارضي تهران),35.767203,51.262549
3727977,آزادراه تهران- شمال (قطعه اول - بعد از تونل 12),1132150,آزادراه تهران- شمال (قطعه اول - بعد از تونل 12),35.916474,51.252922
3727948,آزادراه ساوه - تهران (رباط کريم-تهران),1132153,آزادراه ساوه - تهران (رباط کريم-تهران),35.52246,51.081502
3727960,کرج-شهريار (هفت جوي),1132523,کرج-شهريار (هفت جوي),35.694783,51.045351
3727974,آزادراه شمال - تهران (قطعه اول - محدوده عواضي تهران),1132549,آزادراه شمال - تهران (قطعه اول - محدوده عواضي تهران),35.767203,51.262549
3727980,آزادراه شمال - تهران (قطعه اول - بعد از تونل 12),1132550,آزادراه شمال - تهران (قطعه اول - بعد از تونل 12),35.916474,51.252922
3727965,آزادراه تهران - ساوه (تهران-رباط کريم),1132553,آزادراه تهران - ساوه (تهران-رباط کريم),35.52246,51.081502
3729228,سه راهي راين - کرمان(ماهان),4532101,سه راهي راين - کرمان(ماهان),30.031336,57.288364
3729229,باغين - کمربندي کرمان (سرآسياب),4532110,باغين - کمربندي کرمان (سرآسياب),30.528884,56.96084
3729234,کرمان - چترود,4532111,کرمان - چترود,30.568796,56.943867
3729339,جيرفت - راين,4532112,جيرفت - راين,29.261639,57.507681
3729331,جيرفت - دهبکري,4532113,جيرفت - دهبکري,28.997194,57.904584
3729239,کمربندي کرمان - باغين (سرآسياب),4532510,کمربندي کرمان - باغين (سرآسياب),30.528884,56.96084
3729244,چترود - کرمان,4532511,چترود - کرمان,30.568796,56.943867
3729348,راين- جيرفت,4532512,راين- جيرفت,29.261639,57.507681
3729341,دهبکري - جيرفت,4532513,دهبکري - جيرفت,28.997194,57.904584
3729441,آزادراه سلفچگان - ساوه (عوارضي سلفچگان),5136108,آزادراه سلفچگان - ساوه (عوارضي سلفچگان),34.999019,50.42245
3729454,آزادراه ساوه - سلفچگان (عوارضي سلفچگان),5136508,آزادراه ساوه - سلفچگان (عوارضي سلفچگان),34.999019,50.42245
